instance,set,rule,relax,status,nodes,time,loup,uplo,timeout
3pk-borne.bch,coconutbenchmark-library2,lsmear-guard,xtaylor,timeout,150080,600.0035390000003,4487.346893625451,-103683.3612218104,600.0
3pk.bch,coconutbenchmark-library2,lsmear-guard,xtaylor,unbounded,62,0.012268999999999974,5.270870301420892e+23,-inf,600.0
abel.bch,unsolved,lsmear-guard,xtaylor,timeout,116862,600.0119080000002,232160.73958775087,-1075106.2062818292,600.0
abelbis-1.bch,unsolved,lsmear-guard,xtaylor,timeout,45240,600.0190320000002,273.3858266708776,-177.03439380676554,600.0
abelbis.bch,unsolved,lsmear-guard,xtaylor,timeout,121762,600.0058670000002,605.3866583936406,-1084393.359951703,600.0
abelter-1.bch,unsolved,lsmear-guard,xtaylor,timeout,110446,600.0012280000003,236.13523256237804,79.3117308513878,600.0
ackley_5.bch,easy,lsmear-guard,xtaylor,complete,26,0.005941000000000002,-8.284590364837641e-07,-8.284590578000461e-07,600.0
aircraftb.bch,coconutbenchmark-library2,lsmear-guard,xtaylor,complete,2020,0.5621800000000001,6.803925603086186e-08,0,600.0
alkyl.bch,medium,lsmear-guard,xtaylor,complete,54,0.12455700000000006,-1.7649670196605722,-1.7650549973490683,600.0
alkylbis.bch,medium,lsmear-guard,xtaylor,complete,48,0.11276500000000005,-1.7649615298007149,-1.7650600494037825,600.0
avgasa.bch,coconutbenchmark-library2,lsmear-guard,xtaylor,complete,1010,1.0340030000000002,-4.411143689078467,-4.415559248326793,600.0
avgasb.bch,coconutbenchmark-library2,lsmear-guard,xtaylor,complete,352,0.42881000000000014,-4.4820559571498535,-4.486542499649502,600.0
avion2.bch,coconutbenchmark-library2,lsmear-guard,xtaylor,complete,714,2.234245000000001,94770453.32432662,94675777.54677986,600.0
batch.bch,coconutbenchmark-library2,lsmear-guard,xtaylor,complete,24986,265.91745800000007,259328.51340657994,259069.44396261734,600.0
bearing.bch,medium,lsmear-guard,xtaylor,complete,7280,16.781522000000006,1.9510723201911224,1.9510659402527628,600.0
brownal.bch,coconutbenchmark-library2,lsmear-guard,xtaylor,timeout,26218794,600.0000200000002,6.716418640425982,0,600.0
catena.bch,coconutbenchmark-library2,lsmear-guard,xtaylor,timeout,174628,600.0038350000003,-5957.674464543857,-26767.40867046869,600.0
chakra-1.bch,unsolved,lsmear-guard,xtaylor,timeout,27124,600.0037190000002,inf,-207.83439305186803,600.0
chakra.bch,unsolved,lsmear-guard,xtaylor,timeout,26334,600.0351370000003,inf,-209.32795059435188,600.0
chance.bch,easy,lsmear-guard,xtaylor,complete,12,0.007191000000000002,29.901888379986367,29.87201636362275,600.0
chem-1.bch,hard,lsmear-guard,xtaylor,timeout,530210,600.0004740000002,-47.701595011432346,-50.92199531402097,600.0
chem.bch,hard,lsmear-guard,xtaylor,timeout,529804,600.001966,-47.701595011432346,-50.931143174415844,600.0
chembis.bch,hard,lsmear-guard,xtaylor,complete,483928,512.3832980000002,-47.70561535498625,-47.753368723709954,600.0
chenery-1.bch,unsolved,lsmear-guard,xtaylor,timeout,35578,600.0227310000001,-1244.3221226998764,-1392.2179735327811,600.0
chenery.bch,unsolved,lsmear-guard,xtaylor,timeout,52120,600.0053290000003,-1014.1803150615843,-1081.4138485815063,600.0
concon.bch,coconutbenchmark-library2,lsmear-guard,xtaylor,timeout,1778450,600.0018080000002,inf,-11762734.190000001,600.0
cresc4.bch,coconutbenchmark-library2,lsmear-guard,xtaylor,timeout,830182,600.0007800000002,167604.75451660156,-3.18550851035301e+21,600.0
dipigri.bch,coconutbenchmark-library2,lsmear-guard,xtaylor,complete,3078,2.479080000000001,680.904039876021,680.2238160599611,600.0
disc2.bch,coconutbenchmark-library2,lsmear-guard,xtaylor,complete,236,1.1944250000000003,1.5624999910193413,1.5609390519673743,600.0
discs.bch,coconutbenchmark-library2,lsmear-guard,xtaylor,timeout,66412,600.0029250000001,inf,-1108333333.3333335,600.0
dixchlng.bch,coconutbenchmark-library2,lsmear-guard,xtaylor,complete,1958,3.7034750000000005,5.47293213027785e-08,-4.527067869722149e-08,600.0
dnieper.bch,coconutbenchmark-library2,lsmear-guard,xtaylor,timeout,56112,600.0486610000002,inf,18737.06853687862,600.0
dualc1.bch,others,lsmear-guard,xtaylor,complete,994,6.631403000000001,6155.922420633618,6149.772647985633,600.0
dualc1__coconut.bch,coconutbenchmark-library2,lsmear-guard,xtaylor,complete,1028,1.5657200000000004,6155.564771310212,6149.415355954258,600.0
dualc2.bch,coconutbenchmark-library2,lsmear-guard,xtaylor,complete,286,0.3082060000000001,3552.057716121794,3548.5092069148795,600.0
dualc5.bch,coconutbenchmark-library2,lsmear-guard,xtaylor,complete,54958,42.71244400000001,427.2699476827894,426.84310457821124,600.0
dualc8.bch,coconutbenchmark-library2,lsmear-guard,xtaylor,complete,185508,170.43634800000004,18309.362433905902,18291.071362543364,600.0
eigencco.bch,coconutbenchmark-library2,lsmear-guard,xtaylor,timeout,46962,600.0135700000002,2.575516914084612,0,600.0
eigmaxc.bch,coconutbenchmark-library2,lsmear-guard,xtaylor,complete,42,0.23874900000000004,0,0,600.0
eigminc.bch,coconutbenchmark-library2,lsmear-guard,xtaylor,complete,6,0.11383500000000002,-1,-1,600.0
ex14_1_1.bch,easy,lsmear-guard,xtaylor,complete,26,0.010384000000000003,1.0013678775067092e-09,-9.899863212249327e-08,600.0
ex14_1_2.bch,easy,lsmear-guard,xtaylor,complete,160,0.17129800000000003,1.4841033892780701e-09,-9.851589661072191e-08,600.0
ex14_1_3.bch,easy,lsmear-guard,xtaylor,complete,16,0.003917000000000002,2.693760889696528e-09,-2.033763425048184e-09,600.0
ex14_1_4.bch,easy,lsmear-guard,xtaylor,complete,16,0.007467000000000003,1.17935841648098e-09,-9.8820641583519e-08,600.0
ex14_1_5.bch,easy,lsmear-guard,xtaylor,complete,12,0.017686000000000007,6.029458488043815e-09,-9.397054151195617e-08,600.0
ex14_1_6.bch,others,lsmear-guard,xtaylor,complete,66,0.07330300000000003,5.7676110619964e-09,-9.423238893800358e-08,600.0
ex14_1_7.bch,medium,lsmear-guard,xtaylor,complete,28118,67.90663200000002,9.170524206680852e-08,-8.29475793319147e-09,600.0
ex14_1_8.bch,easy,lsmear-guard,xtaylor,complete,12,0.0048010000000000014,2.732541304339975e-09,-9.726745869566001e-08,600.0
ex14_1_9.bch,easy,lsmear-guard,xtaylor,complete,16,0.004293000000000002,1.0277716455675545e-09,-9.897222835443243e-08,600.0
ex14_2_1.bch,easy,lsmear-guard,xtaylor,complete,216,0.21296700000000005,1.0023406925643852e-08,0,600.0
ex14_2_2.bch,easy,lsmear-guard,xtaylor,complete,16,0.008296000000000003,9.390385840072311e-08,0,600.0
ex14_2_3.bch,medium,lsmear-guard,xtaylor,complete,486,0.8219750000000002,6.576449161632691e-08,0,600.0
ex14_2_4.bch,easy,lsmear-guard,xtaylor,complete,166,0.22936400000000007,2.0587354043755113e-09,0,600.0
ex14_2_5.bch,easy,lsmear-guard,xtaylor,complete,174,0.05722400000000001,2.10777670049179e-08,0,600.0
ex14_2_6.bch,easy,lsmear-guard,xtaylor,complete,172,0.21803300000000006,3.4796813014326133e-08,0,600.0
ex14_2_7.bch,medium,lsmear-guard,xtaylor,complete,11934,22.025865000000007,1.245265474070223e-09,0,600.0
ex14_2_8.bch,easy,lsmear-guard,xtaylor,complete,70,0.06010300000000002,1.0688266938174706e-09,0,600.0
ex14_2_9.bch,easy,lsmear-guard,xtaylor,complete,62,0.06371500000000002,1.0001488526256708e-09,0,600.0
ex2_1_1.bch,easy,lsmear-guard,xtaylor,complete,166,0.06106000000000002,-17,-17.017017017017015,600.0
ex2_1_10.bch,easy,lsmear-guard,xtaylor,complete,52,0.22352000000000008,49318.017960067955,49268.7492108571,600.0
ex2_1_2.bch,easy,lsmear-guard,xtaylor,complete,2,0.0001780000000000002,-212.99999999000002,-213.2132132032032,600.0
ex2_1_3.bch,easy,lsmear-guard,xtaylor,complete,122,0.10683700000000003,-14.999999997999998,-15.01501501301301,600.0
ex2_1_4.bch,easy,lsmear-guard,xtaylor,complete,0,2.0000000000002655e-06,-10.999999999499998,-11.011011010510506,600.0
ex2_1_5.bch,easy,lsmear-guard,xtaylor,complete,2,0.0037139999999999986,-268.0146315264109,-268.2829144408517,600.0
ex2_1_5bis.bch,easy,lsmear-guard,xtaylor,complete,2,0.004146,-268.0146315264109,-268.2829144408517,600.0
ex2_1_6.bch,easy,lsmear-guard,xtaylor,complete,640,0.6920410000000001,-39,-39.03903903903903,600.0
ex2_1_7.bch,blowup,lsmear-guard,xtaylor,complete,2460,6.615669000000001,-4150.410133654569,-4154.564698352921,600.0
ex2_1_7__coconut.bch,coconutbenchmark-library2,lsmear-guard,xtaylor,complete,2460,6.854347000000002,-4150.410133654569,-4154.564698352921,600.0
ex2_1_8.bch,medium,lsmear-guard,xtaylor,complete,1850,6.753515000000002,15638.999981676014,15623.376605070944,600.0
ex2_1_8__coconut.bch,coconutbenchmark-library2,lsmear-guard,xtaylor,complete,1614,5.600955000000002,15638.99998167602,15623.37660507095,600.0
ex2_1_9.bch,medium,lsmear-guard,xtaylor,complete,5010,4.648653000000002,-0.37500000675000006,-0.3753753821321321,600.0
ex2_1_9bis.bch,blowup,lsmear-guard,xtaylor,complete,74966,54.43956900000001,-0.37499999925,-0.37537537462462456,600.0
ex2_1_9fact.bch,medium,lsmear-guard,xtaylor,complete,5186,4.6053690000000005,-0.37500000675000006,-0.3753753821321321,600.0
ex3_1_1.bch,easy,lsmear-guard,xtaylor,complete,96,0.12693500000000005,7055.345392158304,7048.297095063242,600.0
ex3_1_2.bch,easy,lsmear-guard,xtaylor,complete,4,0.002152000000000001,-30662.193207387114,-30692.886093480593,600.0
ex3_1_3.bch,easy,lsmear-guard,xtaylor,complete,4,0.0013020000000000002,-309.9999998420001,-310.0070370196633,600.0
ex3_1_3bis.bch,easy,lsmear-guard,xtaylor,complete,4,0.0012699999999999999,-309.9999998420001,-310.0070370196633,600.0
ex3_1_4.bch,easy,lsmear-guard,xtaylor,complete,18,0.007775000000000002,-3.9999999995000004,-4.0040040035035025,600.0
ex4_1_5.bch,easy,lsmear-guard,xtaylor,complete,300,0.03828700000000001,5.4965177884834e-10,-9.945034822115163e-08,600.0
ex4_1_8.bch,easy,lsmear-guard,xtaylor,complete,2,0.0003690000000000004,-16.728499638388143,-16.74524488327141,600.0
ex4_1_9.bch,easy,lsmear-guard,xtaylor,complete,42,0.009012000000000001,-5.507914999335467,-5.5134284277632295,600.0
ex5_2_2_case1.bch,easy,lsmear-guard,xtaylor,complete,64,0.06640400000000002,-399.9253593175464,-400.0000005930982,600.0
ex5_2_2_case2.bch,easy,lsmear-guard,xtaylor,complete,34,0.04287000000000001,-599.6479755162782,-600.248223740018,600.0
ex5_2_2_case3.bch,medium,lsmear-guard,xtaylor,complete,24,0.02531400000000001,-750.0000003918101,-750.7507511429529,600.0
ex5_2_4.bch,easy,lsmear-guard,xtaylor,complete,50,0.05352000000000001,-450.00001888949987,-450.4504693588587,600.0
ex5_2_5.bch,unsolved,lsmear-guard,xtaylor,timeout,128726,600.0044650000002,-3325.0001105974984,-10904.374945156247,600.0
ex5_3_2.bch,medium,lsmear-guard,xtaylor,complete,54,0.3827540000000001,1.8641594575944034,1.8641594508499941,600.0
ex5_3_3.bch,unsolved,lsmear-guard,xtaylor,timeout,31870,600.0092090000003,inf,2.953938713426849,600.0
ex5_4_2.bch,easy,lsmear-guard,xtaylor,complete,34,0.032362,7517.7609734928665,7510.250722770097,600.0
ex5_4_2bis.bch,easy,lsmear-guard,xtaylor,complete,34,0.030914000000000007,7518.708788190234,7511.197590599635,600.0
ex5_4_3.bch,easy,lsmear-guard,xtaylor,complete,6,0.026151000000000008,4845.462003818675,4840.621382436239,600.0
ex5_4_4.bch,hard,lsmear-guard,xtaylor,complete,6774,54.752759000000005,10078.393168128276,10068.324843284992,600.0
ex6_1_1.bch,blowup,lsmear-guard,xtaylor,complete,8498,11.081672000000003,-0.020197727483761335,-0.02021794542919052,600.0
ex6_1_2.bch,easy,lsmear-guard,xtaylor,complete,30,0.01674700000000001,-0.03245514537407122,-0.03248763300707829,600.0
ex6_1_3.bch,hard,lsmear-guard,xtaylor,complete,20424,55.90138200000001,-0.35238281895369605,-0.3527355545082042,600.0
ex6_1_3bis.bch,medium,lsmear-guard,xtaylor,complete,12650,5.316248000000002,-0.35188074787314066,-0.3522329808539946,600.0
ex6_1_4.bch,medium,lsmear-guard,xtaylor,complete,176,0.1509540000000001,-0.2944796324464781,-0.2947744068533314,600.0
ex6_2_10.bch,hard,lsmear-guard,xtaylor,timeout,1139998,600.0001300000001,-3.051964379556915,-3.795070688953623,600.0
ex6_2_11.bch,medium,lsmear-guard,xtaylor,complete,68060,20.760768000000006,-2.672282848725782e-06,-2.7722828487257816e-06,600.0
ex6_2_12.bch,medium,lsmear-guard,xtaylor,complete,19566,6.043400000000002,0.2891979525527088,0.28890904350919966,600.0
ex6_2_13.bch,blowup,lsmear-guard,xtaylor,timeout,1353122,600.0001380000003,-0.21620947231175525,-0.3010371686946623,600.0
ex6_2_14.bch,medium,lsmear-guard,xtaylor,complete,7948,2.462829000000001,-0.6953573107375691,-0.6960533641016707,600.0
ex6_2_5.bch,unsolved,lsmear-guard,xtaylor,timeout,680096,600.0010940000004,-70.70288359810866,-7846.383296683929,600.0
ex6_2_6.bch,medium,lsmear-guard,xtaylor,complete,314906,123.57631000000003,-2.6025270134510947e-06,-2.702527013451094e-06,600.0
ex6_2_7.bch,unsolved,lsmear-guard,xtaylor,timeout,561466,600.0001550000002,-0.1587479438704511,-61.844687000250985,600.0
ex6_2_8.bch,medium,lsmear-guard,xtaylor,complete,100634,35.02946400000001,-0.027006263912822792,-0.027033297210032822,600.0
ex6_2_9.bch,medium,lsmear-guard,xtaylor,complete,58036,22.631810000000005,-0.03406602299505712,-0.03410012311817529,600.0
ex7_2_1.bch,easy,lsmear-guard,xtaylor,complete,22,0.03672000000000001,1228.337695597535,1227.1105850125227,600.0
ex7_2_10.bch,easy,lsmear-guard,xtaylor,complete,14,0.012194000000000003,0.1,0.09999999999999999,600.0
ex7_2_1bis.bch,easy,lsmear-guard,xtaylor,complete,22,0.031553000000000005,1227.261456973978,1226.035421552426,600.0
ex7_2_2.bch,easy,lsmear-guard,xtaylor,complete,46,0.047110000000000006,-0.38843328832077617,-0.38882211043120735,600.0
ex7_2_3.bch,easy,lsmear-guard,xtaylor,complete,15256,5.7308270000000014,7052.712443775117,7045.6667769981195,600.0
ex7_2_3bis.bch,easy,lsmear-guard,xtaylor,complete,308,0.3737210000000001,7051.79658859422,7044.751836757464,600.0
ex7_2_4.bch,medium,lsmear-guard,xtaylor,complete,2320,2.6806420000000006,3.918532952561436,3.914618334227209,600.0
ex7_2_5.bch,easy,lsmear-guard,xtaylor,complete,12,0.010118000000000004,10123.025796588767,10112.912883705063,600.0
ex7_2_6.bch,easy,lsmear-guard,xtaylor,complete,18,0.005346000000000001,-83.24758342790855,-83.3309143422508,600.0
ex7_2_7.bch,easy,lsmear-guard,xtaylor,complete,46,0.023754000000000004,-5.736667447728818,-5.742409857586404,600.0
ex7_2_8.bch,medium,lsmear-guard,xtaylor,complete,1576,1.7512210000000001,-6.081485065440696,-6.0875726380787745,600.0
ex7_2_9.bch,medium,lsmear-guard,xtaylor,complete,13878,8.489454000000004,1.1437926819028,1.1426500318709292,600.0
ex7_3_1.bch,easy,lsmear-guard,xtaylor,complete,80,0.04419900000000001,0.34173976943645507,0.3413983710653897,600.0
ex7_3_2.bch,easy,lsmear-guard,xtaylor,complete,78,0.019205000000000007,1.089866176213428,1.0887773988146137,600.0
ex7_3_3.bch,easy,lsmear-guard,xtaylor,complete,72,0.039958000000000014,0.8178239768259559,0.8175275909057094,600.0
ex7_3_4.bch,medium,lsmear-guard,xtaylor,complete,2050,4.736172000000002,6.2758225779361005,6.269553024911191,600.0
ex7_3_4bis.bch,medium,lsmear-guard,xtaylor,complete,22076,10.225231000000004,6.273183581963018,6.266916665297721,600.0
ex7_3_5.bch,blowup,lsmear-guard,xtaylor,complete,450,0.7045630000000003,1.2068962433446127,1.2067158301736312,600.0
ex7_3_5bis.bch,medium,lsmear-guard,xtaylor,complete,8868,2.795023000000001,1.2068963902606578,1.205690699561097,600.0
ex7_3_6.bch,easy,lsmear-guard,xtaylor,infeasible,0,2.000000000002e-06,inf,-inf,600.0
ex8_1_1.bch,easy,lsmear-guard,xtaylor,complete,10,0.002107,-2.0202131318259875,-2.0220700037691373,600.0
ex8_1_2.bch,easy,lsmear-guard,xtaylor,complete,14,0.004240000000000002,-1.0708554328533617,-1.071927360213575,600.0
ex8_1_4.bch,easy,lsmear-guard,xtaylor,complete,32,0.0068080000000000016,0,-9.999999999999998e-08,600.0
ex8_1_5.bch,easy,lsmear-guard,xtaylor,complete,88,0.02181200000000001,-1.0313007126726759,-1.0323330457183941,600.0
ex8_1_6.bch,easy,lsmear-guard,xtaylor,complete,24,0.0038450000000000008,-10.0858268597467,-10.088371356269668,600.0
ex8_1_6bis.bch,easy,lsmear-guard,xtaylor,complete,180,0.013347000000000005,-10.085218602531423,-10.086254281153735,600.0
ex8_1_7.bch,easy,lsmear-guard,xtaylor,complete,408,0.2742760000000001,0.029339011824893634,0.029309702122770866,600.0
ex8_1_8.bch,easy,lsmear-guard,xtaylor,complete,38,0.033177000000000005,-0.3888091887797635,-0.3891983871669304,600.0
ex8_1_8bis.bch,easy,lsmear-guard,xtaylor,complete,46,0.046063000000000014,-0.38843328832077617,-0.38882211043120735,600.0
ex8_2_1.bch,easy,lsmear-guard,xtaylor,complete,12,0.13334800000000002,-979.1010755381094,-980.0811566948041,600.0
ex8_2_4.bch,unsolved,lsmear-guard,xtaylor,complete,808,2.4045240000000008,-1398032891.9294674,-1399432324.253721,600.0
ex8_4_1.bch,unsolved,lsmear-guard,xtaylor,timeout,174776,600.0051620000003,0.6610404136588932,0.18668766262408032,600.0
ex8_4_1bis.bch,unsolved,lsmear-guard,xtaylor,timeout,749992,600.0022770000002,0.6313310555865906,0.3423240875651592,600.0
ex8_4_2.bch,unsolved,lsmear-guard,xtaylor,timeout,128448,600.0071130000002,0.8836422987592544,0,600.0
ex8_4_2bis.bch,unsolved,lsmear-guard,xtaylor,timeout,426042,600.0042200000001,0.553069715143526,0,600.0
ex8_4_3.bch,unsolved,lsmear-guard,xtaylor,timeout,54468,600.0176360000003,0.005826957578862592,0,600.0
ex8_4_4-1.bch,blowup,lsmear-guard,xtaylor,complete,12254,58.06086100000001,0.2125016620016651,0.21228937262903608,600.0
ex8_4_4-2.bch,blowup,lsmear-guard,xtaylor,complete,12254,57.65259200000002,0.2125016620016651,0.21228937262903608,600.0
ex8_4_4.bch,blowup,lsmear-guard,xtaylor,complete,11100,54.070597000000014,0.21246661388829097,0.21225435952876223,600.0
ex8_4_4bis.bch,medium,lsmear-guard,xtaylor,complete,79388,39.20613400000001,0.21247203220232216,0.2122597724298923,600.0
ex8_4_5-1.bch,others,lsmear-guard,xtaylor,complete,125936,502.8506940000001,0.0003075314457642772,0.00030722422154273455,600.0
ex8_4_5.bch,blowup,lsmear-guard,xtaylor,timeout,142202,600.0012330000002,0.0003081226617589063,0.0002643652564279464,600.0
ex8_4_5bis.bch,others,lsmear-guard,xtaylor,complete,870048,209.25205900000006,0.0003074889907786009,0.0003071818089696313,600.0
ex8_4_6.bch,blowup,lsmear-guard,xtaylor,timeout,403902,600.0026710000003,0.0014483613672756053,0,600.0
ex8_4_6bis.bch,blowup,lsmear-guard,xtaylor,timeout,440416,600.0010980000001,0.001637896550309135,0.0009423893260489847,600.0
ex8_4_6ter.bch,blowup,lsmear-guard,xtaylor,timeout,96224,600.0084710000002,0.0011629913271379317,0.00044178690489927753,600.0
ex8_4_8.bch,unsolved,lsmear-guard,xtaylor,timeout,43788,600.0059150000002,13.435043879197963,0.0007428192139754905,600.0
ex8_4inf-1.bch,easy,lsmear-guard,xtaylor,unbounded,2312,0.05121500000000002,-1.7976931348623157e+308,-inf,600.0
ex8_5_1-1.bch,blowup,lsmear-guard,xtaylor,complete,10238,9.001174000000002,-4.6590220759146206e-07,-5.65902207591462e-07,600.0
ex8_5_1.bch,medium,lsmear-guard,xtaylor,complete,17650,11.884326000000003,-4.7070383715763775e-07,-5.707038371576376e-07,600.0
ex8_5_1bis.bch,hard,lsmear-guard,xtaylor,complete,7274,8.051831000000004,-5.094743679989744e-07,-6.094743679989743e-07,600.0
ex8_5_2.bch,medium,lsmear-guard,xtaylor,complete,81770,64.27767400000002,-2.431423861137816e-07,-3.431423861137815e-07,600.0
ex8_5_2_1.bch,medium,lsmear-guard,xtaylor,complete,80080,65.03580800000002,-2.421204414737588e-07,-3.421204414737587e-07,600.0
ex8_5_3-1.bch,easy,lsmear-guard,xtaylor,complete,176,0.17571100000000003,-0.004134780313470032,-0.004138919232702734,600.0
ex8_5_3.bch,easy,lsmear-guard,xtaylor,complete,242,0.22269600000000003,-0.004135511034802364,-0.0041396506854878504,600.0
ex8_5_4.bch,easy,lsmear-guard,xtaylor,complete,304,0.3168950000000001,-0.00042515554251187915,-0.0004255811236355146,600.0
ex8_5_5-1.bch,easy,lsmear-guard,xtaylor,complete,36,0.042646,-1.3468350813293442,-1.3481832645939378,600.0
ex8_5_5.bch,easy,lsmear-guard,xtaylor,complete,348,0.3652330000000001,-0.01075286302218681,-0.010763626648835643,600.0
ex8_5_6-1.bch,easy,lsmear-guard,xtaylor,unbounded,956,0.2893480000000001,1.3361942362886254,-inf,600.0
ex8_5_6.bch,medium,lsmear-guard,xtaylor,complete,4500,4.893923000000002,-0.0011674231720517625,-0.001168591763815578,600.0
ex9_1_1.bch,easy,lsmear-guard,xtaylor,complete,6,0.016279000000000002,-13.000000022499998,-13.00000002500001,600.0
ex9_1_10.bch,easy,lsmear-guard,xtaylor,complete,2,0.0021349999999999997,-3.2500000046249995,-3.2500000062500005,600.0
ex9_1_2.bch,easy,lsmear-guard,xtaylor,complete,4,0.0037830000000000008,-16.000000014999994,-16.000000103333356,600.0
ex9_1_4.bch,easy,lsmear-guard,xtaylor,complete,2,0.0012209999999999999,-37.00000001016156,-37.000000035625064,600.0
ex9_1_5.bch,easy,lsmear-guard,xtaylor,complete,20,0.021410000000000002,-0.9999999718106597,-1.000000010000002,600.0
ex9_1_8.bch,easy,lsmear-guard,xtaylor,complete,2,0.0021410000000000005,-3.2500000046249995,-3.2500000062500005,600.0
ex9_2_1.bch,easy,lsmear-guard,xtaylor,complete,2,0.0002920000000000006,16.999999974800012,16.983016957842175,600.0
ex9_2_2.bch,easy,lsmear-guard,xtaylor,complete,2,0.0002310000000000003,99.9999999184629,99.90009981864428,600.0
ex9_2_3.bch,easy,lsmear-guard,xtaylor,complete,6,0.014383,-5.6483848709376616e-08,-1.5648384870937659e-07,600.0
ex9_2_4.bch,easy,lsmear-guard,xtaylor,complete,4,0.0028780000000000012,0.5000001679216066,0.4995006672543523,600.0
ex9_2_5.bch,easy,lsmear-guard,xtaylor,complete,6,0.005712000000000001,4.9999999797485035,4.995004974773731,600.0
ex9_2_6.bch,easy,lsmear-guard,xtaylor,complete,18,0.024367000000000014,-1.0000000179504611,-1.0010010189694303,600.0
ex9_2_7.bch,easy,lsmear-guard,xtaylor,complete,2,0.00034900000000000035,16.999999974800012,16.983016957842175,600.0
ex9_2_8.bch,easy,lsmear-guard,xtaylor,complete,4,0.001902,1.4999999912259345,1.4999999893888205,600.0
exbaron.bch,easy,lsmear-guard,xtaylor,complete,2,0.0003619999999999999,3.0000011597967258,2.999475800018506,600.0
exinfinity2.bch,easy,lsmear-guard,xtaylor,complete,16,0.0021610000000000006,0,0,600.0
exinfinity3.bch,easy,lsmear-guard,xtaylor,complete,4,0.0008380000000000002,0,0,600.0
exp40.bch,easy,lsmear-guard,xtaylor,complete,0,1.0000000000001327e-06,5e-324,-9.999999999999997e-08,600.0
f1.bch,easy,lsmear-guard,xtaylor,complete,6,0.0009960000000000004,0,0,600.0
fccu.bch,coconutbenchmark-library2,lsmear-guard,xtaylor,timeout,216818,600.0021840000002,11.339063231413313,7.386734116671436,600.0
genhs28.bch,coconutbenchmark-library2,lsmear-guard,xtaylor,complete,78,0.18139000000000002,0.9274552156067271,0.9265286869198074,600.0
griewank.bch,easy,lsmear-guard,xtaylor,complete,46,0.013527000000000003,4.440892098500626e-16,0,600.0
haifas.bch,coconutbenchmark-library2,lsmear-guard,xtaylor,complete,316,0.25486300000000006,-0.44972696834976755,-0.4501771454952628,600.0
haldmads.bch,coconutbenchmark-library2,lsmear-guard,xtaylor,timeout,427022,600.0009560000002,0.03832477899931086,3.144804263248109e-13,600.0
harker.bch,blowup,lsmear-guard,xtaylor,timeout,240768,600.0044570000002,-918.0919833502496,-1979.8629147139027,600.0
haverly.bch,medium,lsmear-guard,xtaylor,complete,80,0.13883700000000004,-400.00000048537913,-400.40040088626534,600.0
hhfair.bch,blowup,lsmear-guard,xtaylor,complete,736,2.7040190000000006,-87.15817361693595,-87.2454190359719,600.0
hhfair1.bch,blowup,lsmear-guard,xtaylor,complete,116,0.4503960000000001,-87.10178161673174,-87.18897058731905,600.0
himmel11.bch,easy,lsmear-guard,xtaylor,complete,42,0.06197900000000001,-30660.553328539023,-30665.54681578998,600.0
himmel16.bch,medium,lsmear-guard,xtaylor,complete,2782,7.001243000000002,-0.8655404138983583,-0.8664068207190774,600.0
himmelbk.bch,coconutbenchmark-library2,lsmear-guard,xtaylor,complete,266,5.459978,0.05181434176174722,0.05176257918256466,600.0
house.bch,easy,lsmear-guard,xtaylor,complete,30,0.03053000000000001,-4499.999887526924,-4504.504391918842,600.0
hs056.bch,coconutbenchmark-library2,lsmear-guard,xtaylor,complete,778,0.5683180000000002,-3.45587438844994,-3.4593337221721114,600.0
hs070.bch,coconutbenchmark-library2,lsmear-guard,xtaylor,timeout,695654,600.0012140000002,0.14126409334103052,0,600.0
hs071.bch,easy,lsmear-guard,xtaylor,complete,156,0.06641900000000002,17.021959183296154,17.004954229067092,600.0
hs087.bch,coconutbenchmark-library2,lsmear-guard,xtaylor,complete,34,0.06534500000000003,8827.605540778122,8818.7867540241,600.0
hs088.bch,coconutbenchmark-library2,lsmear-guard,xtaylor,complete,1344,39.161277000000005,1.3627883309196132,1.3614269040155977,600.0
hs089.bch,coconutbenchmark-library2,lsmear-guard,xtaylor,timeout,7282,600.1462030000001,inf,7.560226374833775e-116,600.0
hs090.bch,coconutbenchmark-library2,lsmear-guard,xtaylor,timeout,7784,600.0533450000003,1.6741910021662554,0.23725219511450776,600.0
hs091.bch,coconutbenchmark-library2,lsmear-guard,xtaylor,timeout,5762,600.0236770000002,7.10986974147506e+27,0,600.0
hs093.bch,coconutbenchmark-library2,lsmear-guard,xtaylor,timeout,1112974,600.0003280000001,inf,1.601570733395808e-44,600.0
hs095.bch,coconutbenchmark-library2,lsmear-guard,xtaylor,complete,4,0.002137,0.015619525245536654,0.015603921324212445,600.0
hs096.bch,coconutbenchmark-library2,lsmear-guard,xtaylor,complete,4,0.00336,0.015622475322278019,0.01561952524239373,600.0
hs097.bch,coconutbenchmark-library2,lsmear-guard,xtaylor,complete,8,0.006373000000000002,3.136203869643762,3.1358091228070135,600.0
hs098.bch,coconutbenchmark-library2,lsmear-guard,xtaylor,complete,10,0.007469000000000002,3.1359842444797454,3.1358091228070135,600.0
hs099.bch,coconutbenchmark-library2,lsmear-guard,xtaylor,complete,8432,53.60311100000001,-830972011.5331678,-831803815.3485162,600.0
hs100.bch,coconutbenchmark-library2,lsmear-guard,xtaylor,complete,3244,2.5630390000000007,680.7869169583523,680.1068101482042,600.0
hs101.bch,coconutbenchmark-library2,lsmear-guard,xtaylor,timeout,547426,600.0003050000001,1841.6560352425229,1499.744097647346,600.0
hs102.bch,coconutbenchmark-library2,lsmear-guard,xtaylor,timeout,495612,600.0020300000002,912.9839131030104,846.7605562391757,600.0
hs103.bch,coconutbenchmark-library2,lsmear-guard,xtaylor,complete,258726,333.0890680000001,543.757344996229,543.2141308653638,600.0
hs104.bch,coconutbenchmark-library2,lsmear-guard,xtaylor,complete,1070,1.7262780000000004,3.9518923773439854,3.9479444329110747,600.0
hs106.bch,coconutbenchmark-library2,lsmear-guard,xtaylor,complete,74,0.09910900000000002,7054.2498998795645,7047.2026971823825,600.0
hs107.bch,coconutbenchmark-library2,lsmear-guard,xtaylor,timeout,206282,600.0042690000002,inf,0,600.0
hs108.bch,coconutbenchmark-library2,lsmear-guard,xtaylor,complete,42756,64.85593600000001,-0.8659398126201638,-0.8668066192394032,600.0
hs109.bch,coconutbenchmark-library2,lsmear-guard,xtaylor,complete,316,0.7666450000000002,5326.987619492778,5326.055437153095,600.0
hs110.bch,coconutbenchmark-library2,lsmear-guard,xtaylor,timeout,1107396,600.0008530000002,-45.51797829560827,-49.0275348793463,600.0
hs111.bch,coconutbenchmark-library2,lsmear-guard,xtaylor,timeout,643272,600.0002130000003,-47.696181030231585,-218.8290866687136,600.0
hs112.bch,coconutbenchmark-library2,lsmear-guard,xtaylor,timeout,902864,600.0005860000003,-47.72618617695877,-63.686640160529265,600.0
hs113.bch,coconutbenchmark-library2,lsmear-guard,xtaylor,complete,5254,7.690144000000002,24.31679822439899,24.292505718680314,600.0
hs114.bch,coconutbenchmark-library2,lsmear-guard,xtaylor,complete,738,0.9175900000000001,-1768.4591424070668,-1770.2293717788455,600.0
hs116.bch,coconutbenchmark-library2,lsmear-guard,xtaylor,complete,64,0.12726600000000002,97.61406069092793,97.51654414678116,600.0
hs117.bch,coconutbenchmark-library2,lsmear-guard,xtaylor,complete,16692,45.26744700000002,32.350982648028584,32.31866398404455,600.0
hs118.bch,coconutbenchmark-library2,lsmear-guard,xtaylor,timeout,1649600,600.0005970000003,inf,664.820449935543,600.0
hs119.bch,coconutbenchmark-library2,lsmear-guard,xtaylor,complete,2628,10.925614000000001,244.9557299119085,244.7110188930155,600.0
hs21mod.bch,coconutbenchmark-library2,lsmear-guard,xtaylor,complete,14,0.004912000000000001,-95.96,-95.96000000000001,600.0
hydro.bch,medium,lsmear-guard,xtaylor,complete,380,2.3159740000000006,4368347.139918578,4363983.156761817,600.0
immun.bch,medium,lsmear-guard,xtaylor,complete,392,0.8974210000000001,0,0,600.0
launch.bch,medium,lsmear-guard,xtaylor,complete,106,1.2435710000000004,2257.800511518387,2255.5449665518354,600.0
launch__coconut.bch,coconutbenchmark-library2,lsmear-guard,xtaylor,infeasible,0,1.000000000001e-06,inf,-inf,600.0
least.bch,unsolved,lsmear-guard,xtaylor,timeout,4035192,600.0003520000002,14489.792850418105,843.5892591016985,600.0
like-1.bch,medium,lsmear-guard,xtaylor,unbounded,2758,0.5090970000000001,1738.7476729714444,-inf,600.0
like.bch,medium,lsmear-guard,xtaylor,unbounded,2788,0.5738030000000003,4583.134983484734,-inf,600.0
linear.bch,medium,lsmear-guard,xtaylor,complete,322,2.474555000000001,89.06775729688903,88.97877851837067,600.0
loadbal.bch,coconutbenchmark-library2,lsmear-guard,xtaylor,timeout,1843760,600.0002670000002,0.5973397814804418,-inf,600.0
lotschd.bch,coconutbenchmark-library2,lsmear-guard,xtaylor,complete,2,0.007056,2398.415837407334,2396.019817589745,600.0
m4wd.bch,easy,lsmear-guard,xtaylor,complete,448,0.2672110000000001,0.02931110652610804,0.029281824701406636,600.0
makela3.bch,coconutbenchmark-library2,lsmear-guard,xtaylor,complete,11328,5.955785000000001,8.837332566445355e-08,0,600.0
makela4.bch,coconutbenchmark-library2,lsmear-guard,xtaylor,complete,0,1.000000000001e-06,1e-09,-9.899999999999997e-08,600.0
matrix2.bch,coconutbenchmark-library2,lsmear-guard,xtaylor,complete,3510,0.5780530000000002,6.652718467447884e-09,0,600.0
mconcon.bch,coconutbenchmark-library2,lsmear-guard,xtaylor,timeout,783350,600.0002870000002,inf,-13573566.81178343,600.0
meanvar.bch,medium,lsmear-guard,xtaylor,complete,934,0.9607260000000002,5.243555919890058,5.238317602287771,600.0
minlphi.bch,blowup,lsmear-guard,xtaylor,timeout,300844,600.0011610000003,inf,582.2360663746632,600.0
minlphi1.bch,blowup,lsmear-guard,xtaylor,timeout,474456,600.0029590000003,inf,582.2360709964296,600.0
mistake.bch,coconutbenchmark-library2,lsmear-guard,xtaylor,timeout,447780,600.0007630000002,-0.9999385390159947,-1.0043649365705833,600.0
modele_opti.bch,coconutbenchmark-library2,lsmear-guard,xtaylor,unbounded,9680,2.9134730000000006,inf,-inf,600.0
odfits.bch,coconutbenchmark-library2,lsmear-guard,xtaylor,complete,29680,20.625703000000005,-2379.9623605048273,-2382.344705210037,600.0
optcntrl.bch,coconutbenchmark-library2,lsmear-guard,xtaylor,complete,0,0,549.9999905803837,549.4505400403435,600.0
optmass.bch,coconutbenchmark-library2,lsmear-guard,xtaylor,timeout,50376,600.0087640000003,inf,-0.5733444854109502,600.0
optprloc.bch,coconutbenchmark-library2,lsmear-guard,xtaylor,complete,6,0.06511400000000003,-16.41135693400454,-16.42778471872326,600.0
orthregb.bch,coconutbenchmark-library2,lsmear-guard,xtaylor,timeout,188242,600.0037830000002,inf,-1.763999999999995e+17,600.0
orthrege.bch,coconutbenchmark-library2,lsmear-guard,xtaylor,timeout,82552,600.0505430000001,inf,-2.9640000000000006e+17,600.0
pentagon.bch,coconutbenchmark-library2,lsmear-guard,xtaylor,complete,28956,15.927757000000003,0.00013652192601769613,0.00013638554047721893,600.0
polak1.bch,coconutbenchmark-library2,lsmear-guard,xtaylor,complete,54,0.006843000000000002,2.718281829459045,2.71556626319585,600.0
polak2.bch,coconutbenchmark-library2,lsmear-guard,xtaylor,complete,154,0.04885700000000001,54.62432840333126,54.56975864468658,600.0
polak3.bch,coconutbenchmark-library2,lsmear-guard,xtaylor,timeout,125374,600.0031290000003,5.951863836086758,5.777061512520276,600.0
polak4.bch,coconutbenchmark-library2,lsmear-guard,xtaylor,complete,1328,0.15280400000000002,1.0000009709187907e-09,-9.899999902908119e-08,600.0
polak5.bch,coconutbenchmark-library2,lsmear-guard,xtaylor,complete,376,0.036618000000000005,50.000000001000004,49.95004995104896,600.0
polak6.bch,coconutbenchmark-library2,lsmear-guard,xtaylor,timeout,1423316,600.0018860000002,inf,-100000000,600.0
pollut.bch,unsolved,lsmear-guard,xtaylor,timeout,87534,600.0128570000002,-5353167.0906362245,-5610073.048436874,600.0
polygon25.bch,others,lsmear-guard,xtaylor,timeout,17364,600.0034220000002,inf,-7.1875,600.0
portfl1.bch,coconutbenchmark-library2,lsmear-guard,xtaylor,timeout,156304,600.0050980000002,0.020570174917635613,0.009307004415293158,600.0
pressure-vessel.bch,easy,lsmear-guard,xtaylor,complete,8,0.0025949999999999997,3085.310372038208,3082.228143894314,600.0
process.bch,easy,lsmear-guard,xtaylor,complete,188,0.3324730000000001,-1161.0953796999238,-1162.2576373372608,600.0
prolog.bch,unsolved,lsmear-guard,xtaylor,timeout,111226,600.0010920000002,2.073116775136441e-06,-17184.07394321775,600.0
qp1-1.bch,unsolved,lsmear-guard,xtaylor,timeout,10722,600.0016540000003,0.03512751575698434,-4.371295943009055,600.0
qp1.bch,unsolved,lsmear-guard,xtaylor,timeout,10308,600.1038470000002,0.03462584283766565,-4.396571721701795,600.0
qp2.bch,unsolved,lsmear-guard,xtaylor,timeout,21688,600.0026660000003,0.021256478655090866,-3.321055125952455,600.0
ramsey.bch,blowup,lsmear-guard,xtaylor,complete,284,1.9616050000000007,-2.485994979593363,-2.488483463056419,600.0
ramseybis.bch,blowup,lsmear-guard,xtaylor,complete,218,1.4108160000000003,-2.486044335142395,-2.4885328680104046,600.0
rastrigin.bch,easy,lsmear-guard,xtaylor,complete,10,0.003386,2.1316282072803006e-14,0,600.0
rk23.bch,coconutbenchmark-library2,lsmear-guard,xtaylor,timeout,11983148,600.0000850000002,inf,0,600.0
robot.bch,coconutbenchmark-library2,lsmear-guard,xtaylor,killed,0,960.0,inf,-inf,600.0
rosenbrock.bch,easy,lsmear-guard,xtaylor,complete,26,0.0038270000000000005,8.684164890845983e-08,0,600.0
rosenbrock10.bch,easy,lsmear-guard,xtaylor,complete,362,0.17379800000000006,7.820011099682076e-08,0,600.0
s365mod.bch,coconutbenchmark-library2,lsmear-guard,xtaylor,timeout,1437758,600.0010710000003,inf,0.25,600.0
sambal.bch,hard,lsmear-guard,xtaylor,timeout,235500,600.0070310000001,3.9851951214793733,3.8661723171067894,600.0
schaffer.bch,easy,lsmear-guard,xtaylor,complete,20,0.002015,5.551115123125783e-17,0,600.0
schwefel5-abs.bch,medium,lsmear-guard,xtaylor,complete,17792,6.422490000000002,6.364900445987587e-05,6.35490044598759e-05,600.0
schwefel5.bch,medium,lsmear-guard,xtaylor,complete,15376,5.726006000000002,6.365182252920931e-05,6.355182252920934e-05,600.0
ship-1.bch,easy,lsmear-guard,xtaylor,complete,256,0.23676800000000006,0,0,600.0
ship.bch,others,lsmear-guard,xtaylor,unbounded,858,0.11744200000000007,inf,-inf,600.0
srcpm.bch,medium,lsmear-guard,xtaylor,complete,364,3.299821000000001,2110.2067879308593,2108.098689241618,600.0
synthes1.bch,coconutbenchmark-library2,lsmear-guard,xtaylor,complete,26,0.029423000000000015,0.7599282550822171,0.7591690859962209,600.0
test_infinity2.bch,easy,lsmear-guard,xtaylor,complete,4,0.0007179999999999999,0,0,600.0
test_infinity3.bch,others,lsmear-guard,xtaylor,unbounded,110,0.0016530000000000004,5.9086217615757586e+56,-inf,600.0
test_infinity4.bch,others,lsmear-guard,xtaylor,unbounded,214,0.005608000000000002,-1.7976931348623157e+308,-inf,600.0
wall.bch,easy,lsmear-guard,xtaylor,complete,10,0.008017000000000002,-1.0000046713908908,-1.0000056086090123,600.0
water-abs.bch,unsolved,lsmear-guard,xtaylor,timeout,38420,600.0204640000003,1514.6556693759896,542.3103605445981,600.0
water.bch,unsolved,lsmear-guard,xtaylor,timeout,54844,600.0218220000003,3520.078802904406,244.65791346626833,600.0
water1-abs.bch,unsolved,lsmear-guard,xtaylor,timeout,86528,600.0060170000002,103295.5385726315,144.40311885632954,600.0
water1.bch,unsolved,lsmear-guard,xtaylor,timeout,60046,600.0147620000002,inf,404.4635060213102,600.0
