instance,set,rule,relax,ub,status,nodes,time,loup,uplo,timeout
3pk-borne.bch,coconutbenchmark-library2,lsmear-guard:10,both,ipoptxn,timeout,69076,310.0064000000001,1114.3127881893636,-121004.95709881061,310.0
3pk-borne.bch,coconutbenchmark-library2,lsmear,both,ipoptxn,timeout,70774,310.0016150000001,1114.3127881893636,-120966.5675555873,310.0
3pk.bch,coconutbenchmark-library2,lsmear-guard:10,both,ipoptxn,unbounded,62,0.015874000000000055,5.270870301420892e+23,-inf,310.0
3pk.bch,coconutbenchmark-library2,lsmear,both,ipoptxn,unbounded,62,0.01582399999999995,5.270870301420892e+23,-inf,310.0
abel.bch,unsolved,lsmear-guard:10,both,ipoptxn,timeout,51276,310.00749800000006,225.1945825741209,-1026703.5035245211,310.0
abel.bch,unsolved,lsmear,both,ipoptxn,timeout,49362,310.01536400000015,225.1945825741209,-1026703.5035245211,310.0
abelbis-1.bch,unsolved,lsmear-guard:10,both,ipoptxn,timeout,23452,310.0054860000001,225.1945825741216,-358.27296071608345,310.0
abelbis-1.bch,unsolved,lsmear,both,ipoptxn,timeout,23496,310.00268600000015,225.1945825741216,-358.0687229887612,310.0
abelbis.bch,unsolved,lsmear-guard:10,both,ipoptxn,timeout,22846,310.0653610000001,225.19458257391958,-1231955562.416562,310.0
abelbis.bch,unsolved,lsmear,both,ipoptxn,timeout,22954,310.0568120000001,225.19458257391958,-1211997278.5421965,310.0
abelter-1.bch,unsolved,lsmear-guard:10,both,ipoptxn,timeout,31306,310.00065100000006,225.19458257412063,22.507214677483486,310.0
abelter-1.bch,unsolved,lsmear,both,ipoptxn,timeout,30540,310.00861700000013,225.19458257412063,22.507214677483486,310.0
ackley_5.bch,easy,lsmear-guard:10,both,ipoptxn,complete,26,0.15870100000000006,-8.284590364837641e-07,-8.284590578000461e-07,310.0
ackley_5.bch,easy,lsmear,both,ipoptxn,complete,44,1.0993640000000005,-8.28459025825623e-07,-8.284590578000461e-07,310.0
aircraftb.bch,coconutbenchmark-library2,lsmear-guard:10,both,ipoptxn,complete,12,0.06859000000000001,4.942121333095273e-13,0,310.0
aircraftb.bch,coconutbenchmark-library2,lsmear,both,ipoptxn,complete,12,0.067791,4.942121333095273e-13,0,310.0
alkyl.bch,medium,lsmear-guard:10,both,ipoptxn,complete,2,0.008276999999999993,-1.765000070796015,-1.7667668376336485,310.0
alkyl.bch,medium,lsmear,both,ipoptxn,complete,2,0.00841500000000002,-1.7650000819024,-1.766766848751151,310.0
alkylbis.bch,medium,lsmear-guard:10,both,ipoptxn,complete,2,0.013428999999999996,-1.7650000710491316,-1.7667668378870185,310.0
alkylbis.bch,medium,lsmear,both,ipoptxn,complete,2,0.013316000000000008,-1.7650000710491316,-1.7667668378870185,310.0
avgasa.bch,coconutbenchmark-library2,lsmear-guard:10,both,ipoptxn,complete,188,0.3375180000000001,-4.412171709386944,-4.416588297684627,310.0
avgasa.bch,coconutbenchmark-library2,lsmear,both,ipoptxn,complete,188,0.4630970000000001,-4.412171709386944,-4.416588297684627,310.0
avgasb.bch,coconutbenchmark-library2,lsmear-guard:10,both,ipoptxn,complete,54,0.11985400000000003,-4.483219361587807,-4.487707068656462,310.0
avgasb.bch,coconutbenchmark-library2,lsmear,both,ipoptxn,complete,54,0.18402200000000005,-4.483219361587807,-4.487707068656462,310.0
avion2.bch,coconutbenchmark-library2,lsmear-guard:10,both,ipoptxn,complete,2,0.0002750000000000252,94680129.61999589,94585544.07591999,310.0
avion2.bch,coconutbenchmark-library2,lsmear,both,ipoptxn,complete,2,0.00017899999999998473,94680129.61999589,94585544.07591999,310.0
batch.bch,coconutbenchmark-library2,lsmear-guard:10,both,ipoptxn,complete,40,1.2749570000000003,259180.351169308,258921.42973956847,310.0
batch.bch,coconutbenchmark-library2,lsmear,both,ipoptxn,complete,40,1.478056,259180.351169308,258921.42973956847,310.0
bearing.bch,medium,lsmear-guard:10,both,ipoptxn,complete,42,0.2495730000000001,1.9517313986302085,1.9497816170131954,310.0
bearing.bch,medium,lsmear,both,ipoptxn,complete,42,0.2708400000000001,1.9517313986302085,1.9497816170131954,310.0
brownal.bch,coconutbenchmark-library2,lsmear-guard:10,both,ipoptxn,complete,1690654,48.355525000000014,1.7860577849852912e-19,0,310.0
brownal.bch,coconutbenchmark-library2,lsmear,both,ipoptxn,timeout,10022104,310.0000510000001,3.4060331638127953e+21,0,310.0
catena.bch,coconutbenchmark-library2,lsmear-guard:10,both,ipoptxn,timeout,55748,310.0058770000001,-23077.746427605798,-26757.315372906633,310.0
catena.bch,coconutbenchmark-library2,lsmear,both,ipoptxn,timeout,56082,310.0020320000001,-23077.746427605798,-26756.13146996662,310.0
chakra-1.bch,unsolved,lsmear-guard:10,both,ipoptxn,timeout,11628,310.0177530000002,-179.13355796988637,-188.65693713055828,310.0
chakra-1.bch,unsolved,lsmear,both,ipoptxn,timeout,11490,310.0239760000001,-179.13355796988637,-188.6579997620004,310.0
chakra.bch,unsolved,lsmear-guard:10,both,ipoptxn,timeout,11072,310.01932900000014,-179.1335579698864,-188.67829659656846,310.0
chakra.bch,unsolved,lsmear,both,ipoptxn,timeout,11204,310.0831010000001,-179.1335579698864,-188.67697377504788,310.0
chance.bch,easy,lsmear-guard:10,both,ipoptxn,complete,2,0.001726,29.89437799480595,29.86451348132463,310.0
chance.bch,easy,lsmear,both,ipoptxn,complete,2,0.002796,29.89437799480595,29.86451348132463,310.0
chem-1.bch,hard,lsmear-guard:10,both,ipoptxn,complete,28808,66.06825000000002,-47.70651518082507,-47.75426945027534,310.0
chem-1.bch,hard,lsmear,both,ipoptxn,complete,28808,59.61772100000001,-47.70651518082507,-47.75426945027534,310.0
chem.bch,hard,lsmear-guard:10,both,ipoptxn,complete,28808,62.90814300000002,-47.70651518082507,-47.75426945027534,310.0
chem.bch,hard,lsmear,both,ipoptxn,complete,28808,66.20330900000002,-47.70651518082507,-47.75426945027534,310.0
chembis.bch,hard,lsmear-guard:10,both,ipoptxn,complete,15140,28.528683000000004,-47.70651518525872,-47.75426945471343,310.0
chembis.bch,hard,lsmear,both,ipoptxn,complete,15140,31.082923000000008,-47.70651518525872,-47.75426945471343,310.0
chenery-1.bch,unsolved,lsmear-guard:10,both,ipoptxn,timeout,10556,310.0306190000001,-1245.1103828937557,-1304.9842536281647,310.0
chenery-1.bch,unsolved,lsmear,both,ipoptxn,complete,6520,91.20109500000004,-1245.1103828937557,-1246.356739633389,310.0
chenery.bch,unsolved,lsmear-guard:10,both,ipoptxn,timeout,23138,310.0899460000001,-1058.9198928628641,-1186.8265680637078,310.0
chenery.bch,unsolved,lsmear,both,ipoptxn,timeout,23242,310.0341840000001,-1058.9198928628641,-1186.8265680637078,310.0
concon.bch,coconutbenchmark-library2,lsmear-guard:10,both,ipoptxn,complete,6088,11.242022000000004,-6230.794799020077,-6237.031830850928,310.0
concon.bch,coconutbenchmark-library2,lsmear,both,ipoptxn,complete,9388,39.21327500000001,-6230.795562011612,-6237.032594606218,310.0
cresc4.bch,coconutbenchmark-library2,lsmear-guard:10,both,ipoptxn,timeout,68768,310.10070900000017,0.8718980153509395,-7.324183113674128e+22,310.0
cresc4.bch,coconutbenchmark-library2,lsmear,both,ipoptxn,timeout,340962,310.00144300000005,0.871983047574047,-1.7993685192105043e+17,310.0
dipigri.bch,coconutbenchmark-library2,lsmear-guard:10,both,ipoptxn,complete,212,0.5873420000000003,680.6300573765508,679.9501072692816,310.0
dipigri.bch,coconutbenchmark-library2,lsmear,both,ipoptxn,complete,212,0.3833400000000001,680.6300573765508,679.9501072692816,310.0
disc2.bch,coconutbenchmark-library2,lsmear-guard:10,both,ipoptxn,complete,2,0.15132300000000004,1.5624999909102553,1.560939051858397,310.0
disc2.bch,coconutbenchmark-library2,lsmear,both,ipoptxn,complete,2,0.167433,1.5624999909102553,1.560939051858397,310.0
discs.bch,coconutbenchmark-library2,lsmear-guard:10,both,ipoptxn,timeout,11934,314.4016070000001,inf,-1150000000,310.0
discs.bch,coconutbenchmark-library2,lsmear,both,ipoptxn,timeout,10534,311.72699600000016,inf,-1150000000,310.0
dixchlng.bch,coconutbenchmark-library2,lsmear-guard:10,both,ipoptxn,complete,2038,3.3418570000000005,1.093706341282357e-28,-9.999999999999997e-08,310.0
dixchlng.bch,coconutbenchmark-library2,lsmear,both,ipoptxn,complete,2038,2.8921670000000015,1.093706341282357e-28,-9.999999999999997e-08,310.0
dnieper.bch,coconutbenchmark-library2,lsmear-guard:10,both,ipoptxn,complete,434,7.379354000000002,18744.014424031513,18725.28913489662,310.0
dnieper.bch,coconutbenchmark-library2,lsmear,both,ipoptxn,complete,434,7.187043000000003,18744.014424031513,18725.28913489662,310.0
dualc1.bch,others,lsmear-guard:10,both,ipoptxn,complete,522,8.840563000000001,6155.251633381299,6149.1025308504495,310.0
dualc1.bch,others,lsmear,both,ipoptxn,complete,522,8.831881000000003,6155.251633381299,6149.1025308504495,310.0
dualc1__coconut.bch,coconutbenchmark-library2,lsmear-guard:10,both,ipoptxn,complete,534,1.5841870000000002,6155.251633370618,6149.102530839779,310.0
dualc1__coconut.bch,coconutbenchmark-library2,lsmear,both,ipoptxn,complete,534,1.1807010000000004,6155.251633370618,6149.102530839779,310.0
dualc2.bch,coconutbenchmark-library2,lsmear-guard:10,both,ipoptxn,complete,146,0.23723600000000003,3551.3063332909646,3547.758574716249,310.0
dualc2.bch,coconutbenchmark-library2,lsmear,both,ipoptxn,complete,146,0.23459400000000005,3551.3063332909646,3547.758574716249,310.0
dualc5.bch,coconutbenchmark-library2,lsmear-guard:10,both,ipoptxn,complete,23186,26.845800000000008,427.23256366136366,426.80575790346023,310.0
dualc5.bch,coconutbenchmark-library2,lsmear,both,ipoptxn,complete,23186,28.622975000000007,427.23256366136366,426.80575790346023,310.0
dualc8.bch,coconutbenchmark-library2,lsmear-guard:10,both,ipoptxn,complete,118792,196.07207400000007,18309.360938277605,18291.0698684092,310.0
dualc8.bch,coconutbenchmark-library2,lsmear,both,ipoptxn,complete,118792,192.20441100000005,18309.360938277605,18291.0698684092,310.0
eigencco.bch,coconutbenchmark-library2,lsmear-guard:10,both,ipoptxn,complete,1188,5.913309000000002,4.233522027706798e-30,0,310.0
eigencco.bch,coconutbenchmark-library2,lsmear,both,ipoptxn,complete,1188,5.427741000000001,4.233522027706798e-30,0,310.0
eigmaxc.bch,coconutbenchmark-library2,lsmear-guard:10,both,ipoptxn,complete,384,3.7967590000000007,-10.746194197988466,-10.7569511491376,310.0
eigmaxc.bch,coconutbenchmark-library2,lsmear,both,ipoptxn,complete,304,1.6708160000000005,-10.746194197991848,-10.756951149140987,310.0
eigminc.bch,coconutbenchmark-library2,lsmear-guard:10,both,ipoptxn,complete,6,0.12410300000000002,-1,-1,310.0
eigminc.bch,coconutbenchmark-library2,lsmear,both,ipoptxn,complete,6,0.11735900000000005,-1,-1,310.0
ex14_1_1.bch,easy,lsmear-guard:10,both,ipoptxn,complete,6,0.010342000000000006,2.357849773411446e-11,-9.997642150226587e-08,310.0
ex14_1_1.bch,easy,lsmear,both,ipoptxn,complete,6,0.010589000000000005,2.357849773411446e-11,-9.997642150226587e-08,310.0
ex14_1_2.bch,easy,lsmear-guard:10,both,ipoptxn,complete,64,0.15235800000000002,1.003966836436945e-09,-9.899603316356304e-08,310.0
ex14_1_2.bch,easy,lsmear,both,ipoptxn,complete,40,0.08600400000000002,1.003966836436945e-09,-9.899603316356304e-08,310.0
ex14_1_3.bch,easy,lsmear-guard:10,both,ipoptxn,complete,6,0.02012000000000001,2.3614750286436308e-11,-9.997638524971353e-08,310.0
ex14_1_3.bch,easy,lsmear,both,ipoptxn,complete,6,0.020529000000000002,2.3614750286436308e-11,-9.997638524971353e-08,310.0
ex14_1_4.bch,easy,lsmear-guard:10,both,ipoptxn,complete,6,0.009765000000000001,1.010007133483981e-09,-9.8989992866516e-08,310.0
ex14_1_4.bch,easy,lsmear,both,ipoptxn,complete,6,0.009122000000000003,1.010007133483981e-09,-9.8989992866516e-08,310.0
ex14_1_5.bch,easy,lsmear-guard:10,both,ipoptxn,complete,4,0.025923000000000005,1.0010887674383184e-09,-9.899891123256166e-08,310.0
ex14_1_5.bch,easy,lsmear,both,ipoptxn,complete,4,0.029669000000000004,1.0010887674383184e-09,-9.899891123256166e-08,310.0
ex14_1_6.bch,others,lsmear-guard:10,both,ipoptxn,complete,30,0.09405600000000004,1.0009983212954684e-09,-9.899900167870451e-08,310.0
ex14_1_6.bch,others,lsmear,both,ipoptxn,complete,30,0.09225600000000005,1.0009983212954684e-09,-9.899900167870451e-08,310.0
ex14_1_7.bch,medium,lsmear-guard:10,both,ipoptxn,complete,3990,19.37375000000001,1.5443584442379074e-09,-9.845564155576207e-08,310.0
ex14_1_7.bch,medium,lsmear,both,ipoptxn,complete,3990,21.005768000000003,1.5443584442379074e-09,-9.845564155576207e-08,310.0
ex14_1_8.bch,easy,lsmear-guard:10,both,ipoptxn,complete,4,0.009348000000000002,1.0002949579757114e-09,-9.899970504202427e-08,310.0
ex14_1_8.bch,easy,lsmear,both,ipoptxn,complete,4,0.009632,1.0002949579757114e-09,-9.899970504202427e-08,310.0
ex14_1_9.bch,easy,lsmear-guard:10,both,ipoptxn,complete,6,0.013365000000000002,1.029052620893367e-09,-9.897094737910662e-08,310.0
ex14_1_9.bch,easy,lsmear,both,ipoptxn,complete,6,0.013704000000000003,1.029052620893367e-09,-9.897094737910662e-08,310.0
ex14_2_1.bch,easy,lsmear-guard:10,both,ipoptxn,complete,0,9.999999999940612e-07,1.0265117069819782e-09,-9.8973488293018e-08,310.0
ex14_2_1.bch,easy,lsmear,both,ipoptxn,complete,0,1.000000000001e-06,1.0265117069819782e-09,-9.8973488293018e-08,310.0
ex14_2_2.bch,easy,lsmear-guard:10,both,ipoptxn,complete,0,1.000000000001e-06,1.0064145072874453e-09,-9.899358549271254e-08,310.0
ex14_2_2.bch,easy,lsmear,both,ipoptxn,complete,0,0,1.0064145072874453e-09,-9.899358549271254e-08,310.0
ex14_2_3.bch,medium,lsmear-guard:10,both,ipoptxn,complete,0,1.000000000001e-06,1.3961273803708707e-09,-9.860387261962911e-08,310.0
ex14_2_3.bch,medium,lsmear,both,ipoptxn,complete,0,0,1.3961273803708707e-09,-9.860387261962911e-08,310.0
ex14_2_4.bch,easy,lsmear-guard:10,both,ipoptxn,complete,0,1.000000000001e-06,7.565705695224465e-09,-9.243429430477552e-08,310.0
ex14_2_4.bch,easy,lsmear,both,ipoptxn,complete,0,0,7.565705695224465e-09,-9.243429430477552e-08,310.0
ex14_2_5.bch,easy,lsmear-guard:10,both,ipoptxn,complete,0,0,2.534513075073082e-09,-9.74654869249269e-08,310.0
ex14_2_5.bch,easy,lsmear,both,ipoptxn,complete,0,0,2.534513075073082e-09,-9.74654869249269e-08,310.0
ex14_2_6.bch,easy,lsmear-guard:10,both,ipoptxn,complete,0,1.000000000001e-06,6.251643869248369e-09,-9.374835613075161e-08,310.0
ex14_2_6.bch,easy,lsmear,both,ipoptxn,complete,0,0,6.251643869248369e-09,-9.374835613075161e-08,310.0
ex14_2_7.bch,medium,lsmear-guard:10,both,ipoptxn,complete,0,1.000000000001e-06,1.3370054066526554e-09,-9.866299459334733e-08,310.0
ex14_2_7.bch,medium,lsmear,both,ipoptxn,complete,0,9.999999999732445e-07,1.3370054066526554e-09,-9.866299459334733e-08,310.0
ex14_2_8.bch,easy,lsmear-guard:10,both,ipoptxn,complete,0,0,1.2146870176366065e-09,-9.878531298236338e-08,310.0
ex14_2_8.bch,easy,lsmear,both,ipoptxn,complete,0,9.999999999940612e-07,1.2146870176366065e-09,-9.878531298236338e-08,310.0
ex14_2_9.bch,easy,lsmear-guard:10,both,ipoptxn,complete,0,0,2.529727060772416e-09,-9.747027293922757e-08,310.0
ex14_2_9.bch,easy,lsmear,both,ipoptxn,complete,0,0,2.529727060772416e-09,-9.747027293922757e-08,310.0
ex2_1_1.bch,easy,lsmear-guard:10,both,ipoptxn,complete,6,0.007623000000000001,-17,-17.017017017017015,310.0
ex2_1_1.bch,easy,lsmear,both,ipoptxn,complete,6,0.008968000000000002,-17,-17.017017017017015,310.0
ex2_1_10.bch,easy,lsmear-guard:10,both,ipoptxn,complete,2,0.016297999999999993,49318.017960067955,49268.7492108571,310.0
ex2_1_10.bch,easy,lsmear,both,ipoptxn,complete,2,0.021392000000000022,49318.017960067955,49268.7492108571,310.0
ex2_1_2.bch,easy,lsmear-guard:10,both,ipoptxn,complete,0,9.999999999992654e-07,-212.99999999000002,-213.2132132032032,310.0
ex2_1_2.bch,easy,lsmear,both,ipoptxn,complete,0,0,-212.99999999000002,-213.2132132032032,310.0
ex2_1_3.bch,easy,lsmear-guard:10,both,ipoptxn,complete,0,0,-14.999999997,-15.01501501201201,310.0
ex2_1_3.bch,easy,lsmear,both,ipoptxn,complete,0,1.000000000001e-06,-14.999999997,-15.01501501201201,310.0
ex2_1_4.bch,easy,lsmear-guard:10,both,ipoptxn,complete,0,0,-10.999999999499996,-11.011011010510504,310.0
ex2_1_4.bch,easy,lsmear,both,ipoptxn,complete,0,0,-10.999999999499996,-11.011011010510504,310.0
ex2_1_5.bch,easy,lsmear-guard:10,both,ipoptxn,complete,2,0.0038650000000000004,-268.0146315264109,-268.2829144408517,310.0
ex2_1_5.bch,easy,lsmear,both,ipoptxn,complete,2,0.003934,-268.0146315264109,-268.2829144408517,310.0
ex2_1_5bis.bch,easy,lsmear-guard:10,both,ipoptxn,complete,2,0.004352000000000002,-268.0146315264109,-268.2829144408517,310.0
ex2_1_5bis.bch,easy,lsmear,both,ipoptxn,complete,2,0.0044380000000000044,-268.0146315264109,-268.2829144408517,310.0
ex2_1_6.bch,easy,lsmear-guard:10,both,ipoptxn,complete,4,0.025186000000000007,-39,-39.03903903903903,310.0
ex2_1_6.bch,easy,lsmear,both,ipoptxn,complete,4,0.02224,-39,-39.03903903903903,310.0
ex2_1_7.bch,blowup,lsmear-guard:10,both,ipoptxn,complete,6,0.051148,-4150.410133654565,-4154.564698352917,310.0
ex2_1_7.bch,blowup,lsmear,both,ipoptxn,complete,6,0.055818000000000034,-4150.410133654565,-4154.564698352917,310.0
ex2_1_7__coconut.bch,coconutbenchmark-library2,lsmear-guard:10,both,ipoptxn,complete,6,0.054610000000000006,-4150.410133654565,-4154.564698352917,310.0
ex2_1_7__coconut.bch,coconutbenchmark-library2,lsmear,both,ipoptxn,complete,6,0.052653000000000005,-4150.410133654565,-4154.564698352917,310.0
ex2_1_8.bch,medium,lsmear-guard:10,both,ipoptxn,complete,4,0.04245800000000001,15638.99998167602,15623.37660507095,310.0
ex2_1_8.bch,medium,lsmear,both,ipoptxn,complete,4,0.0459,15638.99998167602,15623.37660507095,310.0
ex2_1_8__coconut.bch,coconutbenchmark-library2,lsmear-guard:10,both,ipoptxn,complete,4,0.07044300000000002,15638.999981676017,15623.376605070947,310.0
ex2_1_8__coconut.bch,coconutbenchmark-library2,lsmear,both,ipoptxn,complete,4,0.07130099999999999,15638.999981676017,15623.376605070947,310.0
ex2_1_9.bch,medium,lsmear-guard:10,both,ipoptxn,complete,4852,6.323951000000002,-0.37500000675000006,-0.3753753821321321,310.0
ex2_1_9.bch,medium,lsmear,both,ipoptxn,complete,4852,6.473697000000001,-0.37500000675000006,-0.3753753821321321,310.0
ex2_1_9bis.bch,blowup,lsmear-guard:10,both,ipoptxn,complete,70432,68.73227800000002,-0.37499999925,-0.37537537462462456,310.0
ex2_1_9bis.bch,blowup,lsmear,both,ipoptxn,complete,70432,67.21403900000003,-0.37499999925,-0.37537537462462456,310.0
ex2_1_9fact.bch,medium,lsmear-guard:10,both,ipoptxn,complete,4776,5.030181000000002,-0.37500000675000006,-0.3753753821321321,310.0
ex2_1_9fact.bch,medium,lsmear,both,ipoptxn,complete,4776,5.376484000000001,-0.37500000675000006,-0.3753753821321321,310.0
ex3_1_1.bch,easy,lsmear-guard:10,both,ipoptxn,complete,38,0.07746000000000001,7049.248032816317,7042.205826989329,310.0
ex3_1_1.bch,easy,lsmear,both,ipoptxn,complete,38,0.07226000000000002,7049.248032816317,7042.205826989329,310.0
ex3_1_2.bch,easy,lsmear-guard:10,both,ipoptxn,complete,2,0.0009379999999999996,-30665.538670564463,-30696.23490546993,310.0
ex3_1_2.bch,easy,lsmear,both,ipoptxn,complete,2,0.0008850000000000004,-30665.538670564463,-30696.23490546993,310.0
ex3_1_3.bch,easy,lsmear-guard:10,both,ipoptxn,complete,2,0.00015799999999999842,-309.99999984199945,-310.31031015215154,310.0
ex3_1_3.bch,easy,lsmear,both,ipoptxn,complete,2,0.00011899999999999758,-309.99999984199945,-310.31031015215154,310.0
ex3_1_3bis.bch,easy,lsmear-guard:10,both,ipoptxn,complete,2,0.0001349999999999997,-309.99999984199945,-310.31031015215154,310.0
ex3_1_3bis.bch,easy,lsmear,both,ipoptxn,complete,2,0.00010600000000000193,-309.99999984199945,-310.31031015215154,310.0
ex3_1_4.bch,easy,lsmear-guard:10,both,ipoptxn,complete,10,0.0059229999999999994,-3.9999999995000004,-4.0040040035035025,310.0
ex3_1_4.bch,easy,lsmear,both,ipoptxn,complete,10,0.006574000000000002,-3.9999999995000004,-4.0040040035035025,310.0
ex4_1_5.bch,easy,lsmear-guard:10,both,ipoptxn,complete,64,0.02971100000000001,2.8707313117184066e-19,-9.99999999997129e-08,310.0
ex4_1_5.bch,easy,lsmear,both,ipoptxn,complete,54,0.027202000000000004,2.8707313118538577e-19,-9.99999999997129e-08,310.0
ex4_1_8.bch,easy,lsmear-guard:10,both,ipoptxn,complete,2,0.00031799999999999884,-16.73889322092887,-16.755648869798662,310.0
ex4_1_8.bch,easy,lsmear,both,ipoptxn,complete,2,0.00031700000000000044,-16.73889322092887,-16.755648869798662,310.0
ex4_1_9.bch,easy,lsmear-guard:10,both,ipoptxn,complete,12,0.0031389999999999994,-5.50801327034248,-5.513526797139619,310.0
ex4_1_9.bch,easy,lsmear,both,ipoptxn,complete,12,0.003194,-5.50801327034248,-5.513526797139619,310.0
ex5_2_2_case1.bch,easy,lsmear-guard:10,both,ipoptxn,complete,4,0.012848000000000002,-400.00000052498785,-400.40040092591374,310.0
ex5_2_2_case1.bch,easy,lsmear,both,ipoptxn,complete,4,0.013138,-400.00000052498785,-400.40040092591374,310.0
ex5_2_2_case2.bch,easy,lsmear-guard:10,both,ipoptxn,complete,8,0.012371000000000004,-600.0000006159903,-600.6006012172074,310.0
ex5_2_2_case2.bch,easy,lsmear,both,ipoptxn,complete,8,0.011715000000000003,-600.0000006159903,-600.6006012172074,310.0
ex5_2_2_case3.bch,medium,lsmear-guard:10,both,ipoptxn,complete,2,0.007791000000000003,-750.0000004056519,-750.7507511568086,310.0
ex5_2_2_case3.bch,medium,lsmear,both,ipoptxn,complete,2,0.008063999999999998,-750.0000004056519,-750.7507511568086,310.0
ex5_2_4.bch,easy,lsmear-guard:10,both,ipoptxn,complete,48,0.06142200000000002,-450.0000188894997,-450.4504693588585,310.0
ex5_2_4.bch,easy,lsmear,both,ipoptxn,complete,48,0.06243100000000002,-450.0000188894997,-450.4504693588585,310.0
ex5_2_5.bch,unsolved,lsmear-guard:10,both,ipoptxn,timeout,43186,310.00099300000016,-3500.0000893385795,-12346.158720140415,310.0
ex5_2_5.bch,unsolved,lsmear,both,ipoptxn,timeout,42464,310.0157880000001,-3500.0000893385795,-12346.158720140415,310.0
ex5_3_2.bch,medium,lsmear-guard:10,both,ipoptxn,complete,4,0.04971099999999999,1.8641594519908038,1.862297154835968,310.0
ex5_3_2.bch,medium,lsmear,both,ipoptxn,complete,4,0.03089399999999999,1.8641594519908038,1.862297154835968,310.0
ex5_3_3.bch,unsolved,lsmear-guard:10,both,ipoptxn,timeout,10344,310.9059870000001,inf,2.5203150622581583,310.0
ex5_3_3.bch,unsolved,lsmear,both,ipoptxn,timeout,10178,310.0577600000001,inf,2.5180319963219704,310.0
ex5_4_2.bch,easy,lsmear-guard:10,both,ipoptxn,complete,10,0.014331000000000002,7512.230144575533,7504.725419156377,310.0
ex5_4_2.bch,easy,lsmear,both,ipoptxn,complete,10,0.014729000000000003,7512.230144575533,7504.725419156377,310.0
ex5_4_2bis.bch,easy,lsmear-guard:10,both,ipoptxn,complete,10,0.009926,7512.230144575525,7504.725419156369,310.0
ex5_4_2bis.bch,easy,lsmear,both,ipoptxn,complete,10,0.009638000000000002,7512.230144575525,7504.725419156369,310.0
ex5_4_3.bch,easy,lsmear-guard:10,both,ipoptxn,complete,2,0.030432,4845.461988579032,4840.621367211821,310.0
ex5_4_3.bch,easy,lsmear,both,ipoptxn,complete,2,0.028898000000000014,4845.461988579032,4840.621367211821,310.0
ex5_4_4.bch,hard,lsmear-guard:10,both,ipoptxn,complete,3882,50.80317600000002,10077.77530921909,10067.707601617474,310.0
ex5_4_4.bch,hard,lsmear,both,ipoptxn,complete,3882,51.177360000000014,10077.77530921909,10067.707601617474,310.0
ex6_1_1.bch,blowup,lsmear-guard:10,both,ipoptxn,complete,2588,5.294122000000002,-0.020198299648732626,-0.020218518166899523,310.0
ex6_1_1.bch,blowup,lsmear,both,ipoptxn,complete,2588,5.662995000000001,-0.020198299648732626,-0.020218518166899523,310.0
ex6_1_2.bch,easy,lsmear-guard:10,both,ipoptxn,complete,16,0.03304400000000001,-0.0324637999764234,-0.03249629627269609,310.0
ex6_1_2.bch,easy,lsmear,both,ipoptxn,complete,16,0.03315200000000001,-0.0324637999764234,-0.03249629627269609,310.0
ex6_1_3.bch,hard,lsmear-guard:10,both,ipoptxn,complete,4528,17.647296000000004,-0.35249793517049627,-0.3528507859564527,310.0
ex6_1_3.bch,hard,lsmear,both,ipoptxn,complete,4528,17.191021000000006,-0.35249793517049627,-0.3528507859564527,310.0
ex6_1_3bis.bch,medium,lsmear-guard:10,both,ipoptxn,complete,2840,2.6873860000000005,-0.3518887704266824,-0.3522410114381204,310.0
ex6_1_3bis.bch,medium,lsmear,both,ipoptxn,complete,2840,2.728485000000001,-0.3518887704266824,-0.3522410114381204,310.0
ex6_1_4.bch,medium,lsmear-guard:10,both,ipoptxn,complete,70,0.15703500000000004,-0.2945413997215945,-0.294836235957552,310.0
ex6_1_4.bch,medium,lsmear,both,ipoptxn,complete,70,0.10090600000000001,-0.2945413997215945,-0.294836235957552,310.0
ex6_2_10.bch,hard,lsmear-guard:10,both,ipoptxn,complete,67794,76.15045800000001,-3.0519762092628397,-3.0550312405033426,310.0
ex6_2_10.bch,hard,lsmear,both,ipoptxn,complete,67794,73.81132600000002,-3.0519762092628397,-3.0550312405033426,310.0
ex6_2_11.bch,medium,lsmear-guard:10,both,ipoptxn,complete,11284,6.538605000000001,-2.672407716675096e-06,-2.7724077166750954e-06,310.0
ex6_2_11.bch,medium,lsmear,both,ipoptxn,complete,11284,5.934471000000002,-2.672407716675096e-06,-2.7724077166750954e-06,310.0
ex6_2_12.bch,medium,lsmear-guard:10,both,ipoptxn,complete,2502,1.7073430000000003,0.28919474093115355,0.28890583509605755,310.0
ex6_2_12.bch,medium,lsmear,both,ipoptxn,complete,2502,2.085062000000001,0.28919474093115355,0.28890583509605755,310.0
ex6_2_13.bch,blowup,lsmear-guard:10,both,ipoptxn,timeout,263622,310.00737500000014,-0.21620947231175536,-0.2171496777209625,310.0
ex6_2_13.bch,blowup,lsmear,both,ipoptxn,timeout,263720,310.0002690000001,-0.21620947231175536,-0.21714876875441053,310.0
ex6_2_14.bch,medium,lsmear-guard:10,both,ipoptxn,complete,438,0.4675660000000002,-0.6953579492162318,-0.6960540032194512,310.0
ex6_2_14.bch,medium,lsmear,both,ipoptxn,complete,438,0.33233200000000007,-0.6953579492162318,-0.6960540032194512,310.0
ex6_2_5.bch,unsolved,lsmear-guard:10,both,ipoptxn,timeout,166556,310.0014770000001,-70.75207783343035,-8270.504057188713,310.0
ex6_2_5.bch,unsolved,lsmear,both,ipoptxn,timeout,163488,310.0008190000001,-70.75207783343035,-8547.678008037052,310.0
ex6_2_6.bch,medium,lsmear-guard:10,both,ipoptxn,complete,27000,15.683830000000004,-2.6025036299892612e-06,-2.7025036299892607e-06,310.0
ex6_2_6.bch,medium,lsmear,both,ipoptxn,complete,27000,14.147330000000002,-2.6025036299892612e-06,-2.7025036299892607e-06,310.0
ex6_2_7.bch,unsolved,lsmear-guard:10,both,ipoptxn,timeout,131996,310.00164300000006,-0.1608476220063917,-95.65449225449537,310.0
ex6_2_7.bch,unsolved,lsmear,both,ipoptxn,timeout,128674,310.0002670000001,-0.1608476220063917,-96.0031264265402,310.0
ex6_2_8.bch,medium,lsmear-guard:10,both,ipoptxn,complete,13672,9.372763000000003,-0.027006348966165827,-0.02703338234851434,310.0
ex6_2_8.bch,medium,lsmear,both,ipoptxn,complete,13672,8.087421000000003,-0.027006348966165827,-0.02703338234851434,310.0
ex6_2_9.bch,medium,lsmear-guard:10,both,ipoptxn,complete,7186,4.766565000000002,-0.034066184115888465,-0.03410028440028875,310.0
ex6_2_9.bch,medium,lsmear,both,ipoptxn,complete,7186,4.979098000000001,-0.034066184115888465,-0.03410028440028875,310.0
ex7_2_1.bch,easy,lsmear-guard:10,both,ipoptxn,complete,4,0.019636000000000008,1227.2261229795872,1226.0001228567307,310.0
ex7_2_1.bch,easy,lsmear,both,ipoptxn,complete,4,0.022832000000000005,1227.2261229795872,1226.0001228567307,310.0
ex7_2_10.bch,easy,lsmear-guard:10,both,ipoptxn,complete,0,1.000000000001e-06,0.1,0.09990009990009992,310.0
ex7_2_10.bch,easy,lsmear,both,ipoptxn,complete,0,1.000000000001e-06,0.1,0.09990009990009992,310.0
ex7_2_1bis.bch,easy,lsmear-guard:10,both,ipoptxn,complete,4,0.019930000000000003,1227.22612297956,1226.0001228567035,310.0
ex7_2_1bis.bch,easy,lsmear,both,ipoptxn,complete,4,0.020052000000000014,1227.22612297956,1226.0001228567035,310.0
ex7_2_2.bch,easy,lsmear-guard:10,both,ipoptxn,complete,4,0.018209000000000003,-0.3888114570919674,-0.38920065774971707,310.0
ex7_2_2.bch,easy,lsmear,both,ipoptxn,complete,4,0.018206,-0.3888114570919674,-0.38920065774971707,310.0
ex7_2_3.bch,easy,lsmear-guard:10,both,ipoptxn,complete,2618,2.5365700000000007,7049.248057887183,7042.205852035148,310.0
ex7_2_3.bch,easy,lsmear,both,ipoptxn,complete,2618,2.4281190000000006,7049.248057887183,7042.205852035148,310.0
ex7_2_3bis.bch,easy,lsmear-guard:10,both,ipoptxn,complete,108,0.2771500000000001,7049.248032891714,7042.205827064649,310.0
ex7_2_3bis.bch,easy,lsmear,both,ipoptxn,complete,108,0.20943100000000006,7049.248032891714,7042.205827064649,310.0
ex7_2_4.bch,medium,lsmear-guard:10,both,ipoptxn,complete,338,0.6331080000000001,3.9180102388467892,3.9140961427040857,310.0
ex7_2_4.bch,medium,lsmear,both,ipoptxn,complete,338,0.8327780000000001,3.9180102388467892,3.9140961427040857,310.0
ex7_2_5.bch,easy,lsmear-guard:10,both,ipoptxn,complete,2,0.0019109999999999995,10122.493245078042,10112.38086421383,310.0
ex7_2_5.bch,easy,lsmear,both,ipoptxn,complete,2,0.0017599999999999977,10122.493245078042,10112.38086421383,310.0
ex7_2_6.bch,easy,lsmear-guard:10,both,ipoptxn,complete,4,0.0020110000000000006,-83.24972831846797,-83.3330613798478,310.0
ex7_2_6.bch,easy,lsmear,both,ipoptxn,complete,4,0.0018960000000000001,-83.24972831846797,-83.3330613798478,310.0
ex7_2_7.bch,easy,lsmear-guard:10,both,ipoptxn,complete,4,0.004237000000000001,-5.739820293942895,-5.745565859802697,310.0
ex7_2_7.bch,easy,lsmear,both,ipoptxn,complete,4,0.004399,-5.739820293942895,-5.745565859802697,310.0
ex7_2_8.bch,medium,lsmear-guard:10,both,ipoptxn,complete,296,0.5741370000000002,-6.081989761153493,-6.088077838992485,310.0
ex7_2_8.bch,medium,lsmear,both,ipoptxn,complete,296,0.7225910000000002,-6.081989761153493,-6.088077838992485,310.0
ex7_2_9.bch,medium,lsmear-guard:10,both,ipoptxn,complete,678,1.4401170000000005,1.1436231664583347,1.1424806857725625,310.0
ex7_2_9.bch,medium,lsmear,both,ipoptxn,complete,616,1.7651530000000002,1.143623166453863,1.1424806857680951,310.0
ex7_3_1.bch,easy,lsmear-guard:10,both,ipoptxn,complete,2,0.002831,0.3417395533726745,0.3413981552174571,310.0
ex7_3_1.bch,easy,lsmear,both,ipoptxn,complete,2,0.0027830000000000008,0.3417395533726745,0.3413981552174571,310.0
ex7_3_2.bch,easy,lsmear-guard:10,both,ipoptxn,complete,2,0.0015050000000000029,1.0898639760609852,1.0887752008601252,310.0
ex7_3_2.bch,easy,lsmear,both,ipoptxn,complete,2,0.001636000000000002,1.0898639760609852,1.0887752008601252,310.0
ex7_3_3.bch,easy,lsmear-guard:10,both,ipoptxn,complete,14,0.029302,0.8175290498266339,0.8167123374891448,310.0
ex7_3_3.bch,easy,lsmear,both,ipoptxn,complete,14,0.02929600000000001,0.8175290498266339,0.8167123374891448,310.0
ex7_3_4.bch,medium,lsmear-guard:10,both,ipoptxn,complete,550,2.572406000000001,6.274634340545186,6.2683659745706155,310.0
ex7_3_4.bch,medium,lsmear,both,ipoptxn,complete,126,0.7337720000000002,6.274634340545122,6.268365974570552,310.0
ex7_3_4bis.bch,medium,lsmear-guard:10,both,ipoptxn,complete,9736,8.335901000000002,6.272360413090233,6.266094318771462,310.0
ex7_3_4bis.bch,medium,lsmear,both,ipoptxn,complete,362,0.6119370000000003,6.272360413110981,6.26609431879219,310.0
ex7_3_5.bch,blowup,lsmear-guard:10,both,ipoptxn,complete,470,2.7510180000000006,1.206896186680393,1.205690496184209,310.0
ex7_3_5.bch,blowup,lsmear,both,ipoptxn,complete,470,2.797566,1.206896186680393,1.205690496184209,310.0
ex7_3_5bis.bch,medium,lsmear-guard:10,both,ipoptxn,complete,1048,0.9088610000000001,1.2068963881014254,1.2056906974040216,310.0
ex7_3_5bis.bch,medium,lsmear,both,ipoptxn,complete,1048,0.9705950000000002,1.2068963881014254,1.2056906974040216,310.0
ex7_3_6.bch,easy,lsmear-guard:10,both,ipoptxn,infeasible,0,9.999999999732445e-07,inf,-inf,310.0
ex7_3_6.bch,easy,lsmear,both,ipoptxn,infeasible,0,2.000000000002e-06,inf,-inf,310.0
ex8_1_1.bch,easy,lsmear-guard:10,both,ipoptxn,complete,2,0.00015199999999999936,-2.021806782272953,-2.0238306128858383,310.0
ex8_1_1.bch,easy,lsmear,both,ipoptxn,complete,2,0.00012599999999999938,-2.021806782272953,-2.0238306128858383,310.0
ex8_1_2.bch,easy,lsmear-guard:10,both,ipoptxn,complete,10,0.010799000000000001,-1.0708610192625052,-1.0719329522147196,310.0
ex8_1_2.bch,easy,lsmear,both,ipoptxn,complete,10,0.012498000000000002,-1.0708610192625052,-1.0719329522147196,310.0
ex8_1_4.bch,easy,lsmear-guard:10,both,ipoptxn,complete,24,0.014437000000000002,0,-9.999999999999998e-08,310.0
ex8_1_4.bch,easy,lsmear,both,ipoptxn,complete,24,0.019443000000000005,0,-9.999999999999998e-08,310.0
ex8_1_5.bch,easy,lsmear-guard:10,both,ipoptxn,complete,32,0.049306000000000016,-1.0316284534898768,-1.032661114604481,310.0
ex8_1_5.bch,easy,lsmear,both,ipoptxn,complete,32,0.03842800000000002,-1.0316284534898768,-1.032661114604481,310.0
ex8_1_6.bch,easy,lsmear-guard:10,both,ipoptxn,complete,14,0.026735000000000005,-10.086001496222261,-10.096097593816076,310.0
ex8_1_6.bch,easy,lsmear,both,ipoptxn,complete,14,0.017514000000000005,-10.086001496222261,-10.096097593816076,310.0
ex8_1_6bis.bch,easy,lsmear-guard:10,both,ipoptxn,complete,176,0.052278000000000005,-10.086001496222261,-10.089416620376525,310.0
ex8_1_6bis.bch,easy,lsmear,both,ipoptxn,complete,176,0.03317100000000001,-10.086001496222261,-10.089416620376525,310.0
ex8_1_7.bch,easy,lsmear-guard:10,both,ipoptxn,complete,30,0.05726100000000002,0.029310826782310544,0.029281545237073475,310.0
ex8_1_7.bch,easy,lsmear,both,ipoptxn,complete,30,0.034309000000000006,0.029310826782310544,0.029281545237073475,310.0
ex8_1_8.bch,easy,lsmear-guard:10,both,ipoptxn,complete,4,0.012181,-0.38881145709197124,-0.3892006577497209,310.0
ex8_1_8.bch,easy,lsmear,both,ipoptxn,complete,4,0.019130000000000008,-0.38881145709197124,-0.3892006577497209,310.0
ex8_1_8bis.bch,easy,lsmear-guard:10,both,ipoptxn,complete,4,0.014104000000000002,-0.3888114570919674,-0.38920065774971707,310.0
ex8_1_8bis.bch,easy,lsmear,both,ipoptxn,complete,4,0.018177000000000002,-0.3888114570919674,-0.38920065774971707,310.0
ex8_2_1.bch,easy,lsmear-guard:10,both,ipoptxn,complete,2,0.020088999999999912,-979.178272930679,-980.1584313620409,310.0
ex8_2_1.bch,easy,lsmear,both,ipoptxn,complete,2,0.033128999999999964,-979.178272930679,-980.1584313620409,310.0
ex8_2_4.bch,unsolved,lsmear-guard:10,both,ipoptxn,complete,424,8.367272000000003,-1399247921.160448,-1400648569.730178,310.0
ex8_2_4.bch,unsolved,lsmear,both,ipoptxn,timeout,26976,310.01246400000014,inf,-1401792044.0975864,310.0
ex8_4_1.bch,unsolved,lsmear-guard:10,both,ipoptxn,timeout,53650,310.00369600000016,0.6185727241815989,0.11741140618831553,310.0
ex8_4_1.bch,unsolved,lsmear,both,ipoptxn,timeout,53298,310.0047340000001,0.6185727241815989,0.11741140618831553,310.0
ex8_4_1bis.bch,unsolved,lsmear-guard:10,both,ipoptxn,timeout,223584,310.00010300000014,0.6185727594370471,0.2815491683282052,310.0
ex8_4_1bis.bch,unsolved,lsmear,both,ipoptxn,timeout,228970,310.00106600000015,0.6185727594370471,0.2836347917208959,310.0
ex8_4_2.bch,unsolved,lsmear-guard:10,both,ipoptxn,timeout,40130,310.0046640000001,0.48515245664451845,0,310.0
ex8_4_2.bch,unsolved,lsmear,both,ipoptxn,timeout,40200,310.0041310000001,0.48515245664451845,0,310.0
ex8_4_2bis.bch,unsolved,lsmear-guard:10,both,ipoptxn,timeout,138268,310.0022430000001,0.48515248692704144,0,310.0
ex8_4_2bis.bch,unsolved,lsmear,both,ipoptxn,timeout,137814,310.01364600000016,0.48515248692704144,0,310.0
ex8_4_3.bch,unsolved,lsmear-guard:10,both,ipoptxn,timeout,16238,310.01400100000006,0.004649710665649912,2.5753058814054208e-05,310.0
ex8_4_3.bch,unsolved,lsmear,both,ipoptxn,timeout,16394,310.01059400000014,0.004649710665649912,2.5753058814054208e-05,310.0
ex8_4_4-1.bch,blowup,lsmear-guard:10,both,ipoptxn,complete,500,4.859803000000002,0.21245981482721735,0.21224756725995741,310.0
ex8_4_4-1.bch,blowup,lsmear,both,ipoptxn,complete,500,4.374516000000002,0.21245981482721735,0.21224756725995741,310.0
ex8_4_4-2.bch,blowup,lsmear-guard:10,both,ipoptxn,complete,500,4.586695000000002,0.21245981482721735,0.21224756725995741,310.0
ex8_4_4-2.bch,blowup,lsmear,both,ipoptxn,complete,500,4.332561000000001,0.21245981482721735,0.21224756725995741,310.0
ex8_4_4.bch,blowup,lsmear-guard:10,both,ipoptxn,complete,470,3.8419640000000013,0.21245981484842366,0.21224756728114255,310.0
ex8_4_4.bch,blowup,lsmear,both,ipoptxn,complete,470,4.167351000000002,0.21245981484842366,0.21224756728114255,310.0
ex8_4_4bis.bch,medium,lsmear-guard:10,both,ipoptxn,complete,35144,28.219120000000007,0.2124598386902073,0.2122475910991082,310.0
ex8_4_4bis.bch,medium,lsmear,both,ipoptxn,complete,35144,27.689512000000008,0.2124598386902073,0.2122475910991082,310.0
ex8_4_5-1.bch,others,lsmear-guard:10,both,ipoptxn,timeout,50468,310.00402200000013,0.00030748524990394766,0.00029215035015038343,310.0
ex8_4_5-1.bch,others,lsmear,both,ipoptxn,timeout,101046,310.0046090000001,0.00030748524990394766,0,310.0
ex8_4_5.bch,blowup,lsmear-guard:10,both,ipoptxn,timeout,55308,310.0037860000001,0.00030748525116837123,0.00029118719238077433,310.0
ex8_4_5.bch,blowup,lsmear,both,ipoptxn,timeout,211174,310.0018320000001,0.00030748525116837123,0,310.0
ex8_4_5bis.bch,others,lsmear-guard:10,both,ipoptxn,complete,146060,57.69174200000001,0.0003074859879007895,0.0003071788090916979,310.0
ex8_4_5bis.bch,others,lsmear,both,ipoptxn,timeout,1089936,310.0007670000001,0.00030748598790078947,0,310.0
ex8_4_6.bch,blowup,lsmear-guard:10,both,ipoptxn,timeout,34936,310.0123610000001,0.0011049684930118846,0.00037961904570143004,310.0
ex8_4_6.bch,blowup,lsmear,both,ipoptxn,timeout,35622,310.01171100000005,0.0011049684930118846,0.00037961904570143004,310.0
ex8_4_6bis.bch,blowup,lsmear-guard:10,both,ipoptxn,timeout,123976,310.00523100000015,0.0016075737664715266,0.00040149559514926974,310.0
ex8_4_6bis.bch,blowup,lsmear,both,ipoptxn,timeout,146094,310.0006250000001,0.0034609186650645593,0,310.0
ex8_4_6ter.bch,blowup,lsmear-guard:10,both,ipoptxn,timeout,38318,310.0021850000001,0.001104968497710635,0.0003796190473157161,310.0
ex8_4_6ter.bch,blowup,lsmear,both,ipoptxn,timeout,39174,310.0015790000001,0.001104968497710635,0.0003796190473157161,310.0
ex8_4_8.bch,unsolved,lsmear-guard:10,both,ipoptxn,timeout,17814,310.0742960000001,3.321838579421672,0.015989505818266487,310.0
ex8_4_8.bch,unsolved,lsmear,both,ipoptxn,timeout,17982,310.01749500000005,3.321838579421672,0.01629425794260513,310.0
ex8_4inf-1.bch,easy,lsmear-guard:10,both,ipoptxn,unbounded,216,0.005524,-1.7976931348623155e+308,-inf,310.0
ex8_4inf-1.bch,easy,lsmear,both,ipoptxn,unbounded,218,0.010221000000000004,-1.7976931348623155e+308,-inf,310.0
ex8_5_1-1.bch,blowup,lsmear-guard:10,both,ipoptxn,complete,5644,5.716929000000001,-4.860068822665209e-07,-5.860068822665208e-07,310.0
ex8_5_1-1.bch,blowup,lsmear,both,ipoptxn,timeout,117744,310.2650020000001,-4.860068822665209e-07,-inf,310.0
ex8_5_1.bch,medium,lsmear-guard:10,both,ipoptxn,complete,4766,5.973570000000002,-4.860068823497876e-07,-5.860068823497875e-07,310.0
ex8_5_1.bch,medium,lsmear,both,ipoptxn,timeout,2479248,310.00172700000013,-4.860068823497876e-07,-inf,310.0
ex8_5_1bis.bch,hard,lsmear-guard:10,both,ipoptxn,complete,864,2.176532000000001,-5.162515499257392e-07,-6.162515499257391e-07,310.0
ex8_5_1bis.bch,hard,lsmear,both,ipoptxn,complete,864,2.286460000000001,-5.162515499257392e-07,-6.162515499257391e-07,310.0
ex8_5_2.bch,medium,lsmear-guard:10,both,ipoptxn,complete,28368,30.419288000000005,-2.4422246103217304e-07,-3.44222461032173e-07,310.0
