instance,set,lsmear,lsmear_time,roundrobin,roundrobin_time,smearsumrel,smearsumrel_time,lsmear-guard,lsmear-guard_time,ref-ipopt,ref-ipopt_time,ref-ipopt-dh,ref-ipopt-dh_time,lsmear@0.45,lsmear@0.45_time,roundrobin@0.45,roundrobin@0.45_time,lsmear-box,lsmear-box_time,smearsum,smearsum_time,smearmax,smearmax_time,smearmaxrel,smearmaxrel_time,largestfirst,largestfirst_time
3pk-borne.bch,coconutbenchmark-library2,t/o,600.009,t/o,600.003,t/o,600.010,t/o,600.005,t/o,599.990,t/o,599.996,t/o,600.008,t/o,600.007,t/o,600.006,t/o,600.003,t/o,600.004,t/o,600.007,t/o,600.008
3pk.bch,coconutbenchmark-library2,unbnd,0.015,unbnd,0.014,unbnd,0.015,unbnd,0.016,t/o,599.994,t/o,599.989,unbnd,0.016,unbnd,0.014,unbnd,0.015,unbnd,0.015,unbnd,0.015,unbnd,0.015,unbnd,0.014
abel.bch,unsolved,t/o,600.002,t/o,600.025,t/o,600.013,t/o,600.023,t/o,599.995,t/o,599.995,t/o,600.012,t/o,600.014,t/o,600.016,t/o,600.012,t/o,600.017,t/o,600.003,t/o,600.012
abelbis-1.bch,unsolved,t/o,600.055,t/o,600.019,t/o,600.005,t/o,600.027,t/o,599.988,t/o,599.991,t/o,600.005,t/o,600.006,t/o,600.014,t/o,600.035,t/o,600.020,t/o,600.010,t/o,600.003
abelbis.bch,unsolved,t/o,600.010,t/o,600.009,t/o,600.020,t/o,600.026,t/o,599.999,t/o,599.976,t/o,600.013,t/o,600.020,t/o,600.004,t/o,600.045,t/o,600.077,t/o,600.033,t/o,600.006
abelter-1.bch,unsolved,t/o,600.021,t/o,600.019,t/o,600.053,t/o,600.028,t/o,599.965,t/o,599.997,t/o,600.005,t/o,600.020,t/o,600.006,t/o,600.018,t/o,600.015,t/o,600.002,t/o,600.008
ackley_5.bch,easy,44,0.948,12,0.012,44,0.935,26,0.107,24,0.566,26,0.066,20,0.564,42,1.044,44,0.970,44,0.914,44,0.899,44,0.920,44,0.924
aircraftb.bch,coconutbenchmark-library2,12,0.116,12,0.124,12,0.109,12,0.116,14,0.361,14,0.040,14,0.141,12,0.046,12,0.115,12,0.112,12,0.109,12,0.109,12,1.036
alkyl.bch,medium,2,0.015,2,0.016,2,0.016,2,0.015,2,0.015,2,0.015,2,0.015,2,0.015,2,0.016,2,0.016,2,0.014,2,0.014,900,18.524
alkylbis.bch,medium,2,0.015,2,0.016,2,0.017,2,0.015,16,0.114,16,0.117,14,0.115,2,0.015,2,0.015,2,0.018,2,0.016,2,0.014,2,0.014
avgasa.bch,coconutbenchmark-library2,188,0.590,296,0.895,254,0.740,188,0.583,214,0.642,202,0.636,210,0.630,314,0.934,188,0.586,202,0.670,204,0.674,t/o,600.003,t/o,600.009
avgasb.bch,coconutbenchmark-library2,54,0.209,42,0.184,50,0.216,54,0.208,54,0.209,56,0.203,56,0.208,46,0.180,54,0.205,46,0.207,38,0.168,62,0.262,t/o,600.001
avion2.bch,coconutbenchmark-library2,2,0.000,2,0.000,2,0.000,2,0.000,2,0.000,2,0.000,2,0.000,2,0.000,2,0.000,2,0.000,2,0.000,2,0.000,2,0.000
batch.bch,coconutbenchmark-library2,40,1.810,38,1.825,40,1.908,40,1.807,42,1.859,40,1.749,42,1.865,50,2.192,28,1.297,158,6.156,154,6.049,16,0.837,t/o,600.031
bearing.bch,medium,42,0.375,62,0.439,42,0.399,42,0.370,42,0.347,44,0.325,42,0.338,44,0.392,40,0.344,68,0.411,78,0.488,44,0.392,40,0.315
brownal.bch,coconutbenchmark-library2,t/o,600.000,3300218,119.553,t/o,600.000,1690654,61.198,t/o,600.000,t/o,600.000,t/o,600.000,61544,2.475,t/o,600.000,t/o,600.000,t/o,600.000,t/o,600.000,t/o,600.000
catena.bch,coconutbenchmark-library2,t/o,600.013,t/o,600.023,t/o,600.004,t/o,600.010,t/o,599.988,t/o,599.986,t/o,600.006,t/o,600.020,t/o,600.020,t/o,600.022,t/o,600.009,t/o,600.010,err,0.000
chakra-1.bch,unsolved,t/o,600.049,t/o,600.009,t/o,600.030,t/o,600.021,t/o,599.941,t/o,599.977,t/o,600.021,t/o,600.031,t/o,600.126,t/o,600.033,t/o,600.040,t/o,600.066,t/o,600.017
chakra.bch,unsolved,t/o,600.050,t/o,600.027,t/o,600.017,t/o,600.068,t/o,599.993,t/o,599.978,t/o,600.057,t/o,600.007,t/o,600.068,t/o,600.072,t/o,600.001,t/o,600.007,t/o,600.044
chance.bch,easy,2,0.003,2,0.003,2,0.004,2,0.003,2,0.003,2,0.003,2,0.003,2,0.003,2,0.003,2,0.004,2,0.004,2,0.004,2,0.003
chem-1.bch,hard,28808,99.959,t/o,600.005,122086,346.769,28808,100.099,23750,82.144,23788,83.321,23726,81.826,121860,355.698,28608,97.394,51816,164.306,45662,146.481,t/o,600.001,t/o,600.002
chem.bch,hard,28808,100.760,t/o,600.005,122086,347.679,28808,100.567,23750,82.180,23788,83.358,23726,81.751,121860,354.982,28608,97.798,51816,164.062,45662,146.996,t/o,600.001,t/o,600.004
chembis.bch,hard,15140,47.038,174266,475.033,79432,223.732,15140,46.336,11284,37.942,11274,37.845,11242,38.065,87730,250.958,14894,47.030,31104,96.173,28962,87.115,133220,372.539,t/o,600.001
chenery-1.bch,unsolved,t/o,600.002,t/o,600.012,t/o,600.016,12236,444.039,2140,61.769,2078,61.005,2132,61.682,t/o,600.009,t/o,600.001,4672,153.899,1516,49.771,t/o,600.015,t/o,600.009
chenery.bch,unsolved,t/o,600.038,t/o,600.085,t/o,600.052,t/o,600.052,t/o,599.993,t/o,599.986,t/o,600.003,t/o,600.010,t/o,600.010,2258,54.718,2124,49.500,t/o,600.004,t/o,600.007
concon.bch,coconutbenchmark-library2,8334,50.255,15356,15.468,11782,76.395,174668,134.788,t/o,599.996,kill,960.000,9380,58.343,9322,10.059,8294,48.753,9652,55.972,9380,56.923,10456,65.452,7574,46.182
cresc4.bch,coconutbenchmark-library2,t/o,600.002,kill,960.000,t/o,600.016,t/o,600.225,t/o,599.995,kill,960.000,t/o,600.005,kill,960.000,t/o,600.001,t/o,600.000,t/o,600.001,t/o,600.000,t/o,600.002
dipigri.bch,coconutbenchmark-library2,212,0.646,348,0.925,460,1.066,212,0.649,436,1.090,474,1.660,234,1.255,312,1.204,232,0.667,224,0.676,270,0.714,610,1.348,t/o,600.002
disc2.bch,coconutbenchmark-library2,2,0.258,6,0.302,2,0.256,2,0.255,4,0.284,4,0.286,4,0.290,6,0.317,2,0.257,4,0.295,4,0.303,2,0.257,t/o,600.000
discs.bch,coconutbenchmark-library2,t/o,600.033,t/o,602.196,t/o,600.720,t/o,600.045,t/o,599.996,t/o,599.993,t/o,600.004,t/o,600.001,t/o,600.021,t/o,600.111,t/o,600.053,t/o,600.020,t/o,600.011
dixchlng.bch,coconutbenchmark-library2,2332,4.646,1244,2.953,2346,5.456,1676,2.945,t/o,599.996,t/o,599.985,776,2.960,1872,4.284,2004,4.077,2106,4.290,1878,3.448,16292,34.195,18308,35.924
dnieper.bch,coconutbenchmark-library2,434,10.004,5628,75.040,40,2.379,434,9.971,1066,20.451,474,10.414,384,8.897,36,1.326,434,10.006,66,3.707,58,3.555,t/o,600.036,16,0.918
dualc1.bch,others,522,8.183,1178,14.580,422,11.069,522,8.584,502,10.665,530,9.457,530,8.641,1328,16.373,522,8.005,456,12.040,456,11.473,442,11.401,t/o,600.008
dualc1__coconut.bch,coconutbenchmark-library2,534,2.147,1110,3.577,422,1.977,534,2.127,554,2.255,530,2.199,548,2.127,1252,4.010,534,2.128,448,2.001,448,2.000,452,2.040,t/o,600.011
dualc2.bch,coconutbenchmark-library2,146,0.442,176,0.484,98,0.382,146,0.445,146,0.457,142,0.441,138,0.429,170,0.500,146,0.446,120,0.403,120,0.404,130,0.440,t/o,600.012
dualc5.bch,coconutbenchmark-library2,23186,47.964,23138,48.009,18886,41.962,23186,47.752,23300,48.248,23586,48.309,23590,47.905,22156,46.265,23186,47.647,20904,43.689,20782,43.267,19188,40.991,t/o,600.001
dualc8.bch,coconutbenchmark-library2,118792,290.868,111652,303.465,80982,238.414,118792,292.949,118398,295.612,118538,294.194,119038,294.703,157962,419.386,119246,294.567,81826,231.007,82022,234.921,80390,234.280,t/o,600.002
eigencco.bch,coconutbenchmark-library2,1188,8.231,116,4.178,1188,7.971,1178,8.208,t/o,599.988,t/o,599.999,t/o,600.049,134,1.858,1188,8.423,516,4.167,516,4.200,36214,550.956,t/o,600.009
eigmaxc.bch,coconutbenchmark-library2,304,2.015,40,0.445,304,1.961,34,0.349,34,0.580,34,0.527,300,2.225,88,1.415,304,2.041,292,1.886,infeas,3.101,90,1.684,364,2.627
eigminc.bch,coconutbenchmark-library2,6,0.194,6,0.178,6,0.188,6,0.195,4,0.148,4,0.144,4,0.145,4,0.126,6,0.194,4,0.185,4,0.185,4,0.173,18,0.331
ex14_1_1.bch,easy,6,0.015,6,0.015,6,0.025,6,0.015,10,0.016,10,0.016,8,0.015,8,0.013,6,0.015,6,0.015,6,0.014,6,0.015,6,0.013
ex14_1_2.bch,easy,38,0.134,68,0.169,38,0.130,56,0.176,38,0.125,34,0.123,36,0.126,70,0.173,38,0.137,32,0.117,44,0.146,42,0.150,36,0.121
ex14_1_3.bch,easy,6,0.021,6,0.020,6,0.021,6,0.021,6,0.019,6,0.020,6,0.021,6,0.020,6,0.022,6,0.022,6,0.024,6,0.022,6,0.022
ex14_1_4.bch,easy,6,0.012,4,0.008,6,0.012,6,0.012,8,0.016,6,0.011,6,0.012,4,0.009,6,0.013,6,0.013,6,0.012,6,0.013,4,0.008
ex14_1_5.bch,easy,4,0.030,6,0.028,4,0.029,4,0.030,4,0.030,4,0.030,4,0.031,4,0.026,4,0.031,6,0.029,6,0.030,6,0.030,6,0.029
ex14_1_6.bch,others,30,0.083,22,0.070,30,0.081,22,0.065,16,0.072,28,0.111,16,0.073,22,0.072,30,0.085,20,0.050,20,0.040,30,0.075,14,0.084
ex14_1_7.bch,medium,3882,28.616,7962,52.052,3882,28.356,7146,46.358,3784,26.501,4310,29.224,5176,34.579,9594,59.817,3882,28.671,4798,33.716,6008,45.164,6618,45.725,t/o,600.003
ex14_1_8.bch,easy,4,0.008,6,0.015,4,0.007,4,0.008,4,0.008,8,0.015,4,0.008,6,0.017,4,0.008,4,0.008,4,0.008,4,0.008,6,0.015
ex14_1_9.bch,easy,6,0.012,16,0.013,6,0.012,6,0.012,8,0.011,8,0.011,10,0.012,16,0.013,6,0.012,6,0.011,6,0.011,6,0.012,6,0.011
ex14_2_1.bch,easy,0,0.000,0,0.000,0,0.000,0,0.000,10,0.029,6,0.023,0,0.000,0,0.000,0,0.000,0,0.000,0,0.000,0,0.000,0,0.000
ex14_2_2.bch,easy,0,0.000,0,0.000,0,0.000,0,0.000,2,0.009,2,0.009,0,0.000,0,0.000,0,0.000,0,0.000,0,0.000,0,0.000,0,0.000
ex14_2_3.bch,medium,0,0.000,0,0.000,0,0.000,0,0.000,4,0.042,4,0.039,0,0.000,0,0.000,0,0.000,0,0.000,0,0.000,0,0.000,0,0.000
ex14_2_4.bch,easy,0,0.000,0,0.000,0,0.000,0,0.000,18,0.056,6,0.038,0,0.000,0,0.000,0,0.000,0,0.000,0,0.000,0,0.000,0,0.000
ex14_2_5.bch,easy,0,0.000,0,0.000,0,0.000,0,0.000,2,0.014,10,0.018,0,0.000,0,0.000,0,0.000,0,0.000,0,0.000,0,0.000,0,0.000
ex14_2_6.bch,easy,0,0.000,0,0.000,0,0.000,0,0.000,4,0.037,6,0.041,0,0.000,0,0.000,0,0.000,0,0.000,0,0.000,0,0.000,0,0.000
ex14_2_7.bch,medium,0,0.000,0,0.000,0,0.000,0,0.000,4,0.073,4,0.074,0,0.000,0,0.000,0,0.000,0,0.000,0,0.000,0,0.000,0,0.000
ex14_2_8.bch,easy,0,0.000,0,0.000,0,0.000,0,0.000,4,0.018,8,0.024,0,0.000,0,0.000,0,0.000,0,0.000,0,0.000,0,0.000,0,0.000
ex14_2_9.bch,easy,0,0.000,0,0.000,0,0.000,0,0.000,4,0.020,8,0.026,0,0.000,0,0.000,0,0.000,0,0.000,0,0.000,0,0.000,0,0.000
ex2_1_1.bch,easy,6,0.012,4,0.010,4,0.011,6,0.012,6,0.012,6,0.014,6,0.012,4,0.010,6,0.012,4,0.011,4,0.011,4,0.011,t/o,600.001
ex2_1_10.bch,easy,2,0.028,2,0.028,2,0.066,2,0.029,2,0.031,2,0.030,2,0.030,2,0.027,2,0.029,2,0.065,2,0.065,2,0.065,2,0.028
ex2_1_2.bch,easy,0,0.000,0,0.000,0,0.000,0,0.000,0,0.000,0,0.000,0,0.000,0,0.000,0,0.000,0,0.000,0,0.000,0,0.000,0,0.000
ex2_1_3.bch,easy,0,0.000,0,0.000,0,0.000,0,0.000,0,0.000,0,0.000,0,0.000,0,0.000,0,0.000,0,0.000,0,0.000,0,0.000,0,0.000
ex2_1_4.bch,easy,0,0.000,0,0.000,0,0.000,0,0.000,0,0.000,0,0.000,0,0.000,0,0.000,0,0.000,0,0.000,0,0.000,0,0.000,0,0.000
ex2_1_5.bch,easy,2,0.006,2,0.008,2,0.020,2,0.006,2,0.006,2,0.006,2,0.006,2,0.006,2,0.006,2,0.020,2,0.020,2,0.020,2,0.008
ex2_1_5bis.bch,easy,2,0.006,2,0.008,2,0.020,2,0.006,2,0.006,2,0.006,2,0.006,2,0.006,2,0.006,2,0.020,2,0.020,2,0.020,2,0.008
ex2_1_6.bch,easy,4,0.034,8,0.044,6,0.042,4,0.034,4,0.034,4,0.034,4,0.034,8,0.048,4,0.034,8,0.052,6,0.046,12,0.060,4,0.032
ex2_1_7.bch,blowup,6,0.090,40,0.337,8,0.130,6,0.091,4,0.091,4,0.091,4,0.092,40,0.361,6,0.090,6,0.118,6,0.119,10,0.144,t/o,600.019
ex2_1_7__coconut.bch,coconutbenchmark-library2,6,0.092,40,0.341,8,0.135,6,0.092,4,0.093,4,0.092,4,0.093,40,0.369,6,0.092,6,0.123,6,0.123,10,0.148,t/o,600.008
ex2_1_8.bch,medium,4,0.069,4,0.101,4,0.103,4,0.069,4,0.069,4,0.069,4,0.068,4,0.088,4,0.070,4,0.104,4,0.104,4,0.103,4,0.100
ex2_1_8__coconut.bch,coconutbenchmark-library2,4,0.070,4,0.101,4,0.108,4,0.069,4,0.070,4,0.069,4,0.069,4,0.088,4,0.069,4,0.110,4,0.109,4,0.108,4,0.101
ex2_1_9.bch,medium,4852,10.149,3892,8.781,2626,6.971,4852,10.138,4566,10.161,4542,10.066,4502,10.031,4396,9.662,4792,10.052,2624,6.852,2592,6.978,2662,6.929,kill,960.000
ex2_1_9bis.bch,blowup,70432,123.961,62640,103.893,53746,96.350,70432,123.132,71264,125.176,71712,127.338,71328,125.940,63438,107.213,70030,121.225,54674,97.028,57678,99.248,55848,97.874,t/o,600.001
ex2_1_9fact.bch,medium,4776,9.801,3920,8.645,2630,6.597,4776,9.764,4588,9.903,4524,9.748,4602,9.921,4294,9.339,4870,9.908,2598,6.734,2616,6.843,2662,6.846,t/o,600.001
ex3_1_1.bch,easy,38,0.135,38,0.148,36,0.148,38,0.135,26,0.121,24,0.114,26,0.117,34,0.136,38,0.136,42,0.157,44,0.169,48,0.192,106030,587.594
ex3_1_2.bch,easy,2,0.002,2,0.002,2,0.003,2,0.002,2,0.002,2,0.002,2,0.002,2,0.002,2,0.002,2,0.003,2,0.003,2,0.003,2,0.002
ex3_1_3.bch,easy,2,0.000,2,0.000,2,0.000,2,0.000,2,0.000,2,0.000,2,0.000,2,0.000,2,0.000,2,0.000,2,0.000,2,0.000,2,0.000
ex3_1_3bis.bch,easy,2,0.000,2,0.000,2,0.000,2,0.000,2,0.000,2,0.000,2,0.000,2,0.000,2,0.000,2,0.000,2,0.000,2,0.000,2,0.000
ex3_1_4.bch,easy,10,0.012,18,0.017,12,0.010,10,0.012,12,0.011,12,0.011,12,0.011,20,0.013,10,0.012,10,0.011,10,0.011,16,0.010,10,0.011
ex4_1_5.bch,easy,54,0.046,68,0.054,54,0.042,64,0.046,46,0.036,28,0.025,56,0.044,62,0.040,54,0.043,122,0.084,122,0.083,54,0.041,54,0.042
ex4_1_8.bch,easy,2,0.001,2,0.000,2,0.001,2,0.001,2,0.001,2,0.001,2,0.001,2,0.000,2,0.001,2,0.001,2,0.001,2,0.001,2,0.000
ex4_1_9.bch,easy,12,0.006,98,0.037,12,0.005,12,0.006,12,0.006,12,0.006,12,0.006,90,0.036,12,0.006,12,0.005,12,0.005,12,0.005,12,0.005
ex5_2_2_case1.bch,easy,4,0.025,6,0.050,6,0.026,4,0.025,4,0.025,4,0.024,4,0.025,6,0.047,4,0.025,6,0.036,6,0.036,4,0.028,12,0.085
ex5_2_2_case2.bch,easy,8,0.022,12,0.054,6,0.030,8,0.022,8,0.021,8,0.022,8,0.021,10,0.047,8,0.022,20,0.049,26,0.077,22,0.062,45792,117.888
ex5_2_2_case3.bch,medium,2,0.015,2,0.023,2,0.014,2,0.015,2,0.015,2,0.015,2,0.015,2,0.023,2,0.015,2,0.017,2,0.017,2,0.017,2,0.023
ex5_2_4.bch,easy,48,0.113,30,0.092,16,0.074,48,0.113,48,0.126,48,0.117,46,0.115,32,0.086,48,0.115,24,0.071,20,0.072,32,0.089,t/o,600.001
ex5_2_5.bch,unsolved,t/o,600.903,t/o,600.043,t/o,600.027,t/o,600.137,t/o,599.988,t/o,599.993,t/o,600.019,t/o,600.009,t/o,600.011,t/o,600.010,t/o,600.029,t/o,600.044,t/o,600.005
ex5_3_2.bch,medium,4,0.052,12,0.163,4,0.067,4,0.052,6,0.072,4,0.048,6,0.072,12,0.179,4,0.052,6,0.083,10,0.116,4,0.071,4,0.059
ex5_3_3.bch,unsolved,kill,960.000,t/o,600.377,kill,960.000,kill,960.000,kill,960.000,t/o,599.991,t/o,600.037,t/o,600.055,kill,960.000,t/o,600.098,t/o,600.227,kill,960.000,t/o,600.405
ex5_4_2.bch,easy,10,0.029,10,0.027,4,0.024,10,0.029,6,0.027,8,0.031,6,0.027,10,0.028,10,0.029,12,0.038,12,0.037,14,0.041,26,0.096
ex5_4_2bis.bch,easy,10,0.019,6,0.016,6,0.015,10,0.019,4,0.016,4,0.016,4,0.016,6,0.017,10,0.020,4,0.018,4,0.019,4,0.019,6,0.017
ex5_4_3.bch,easy,2,0.053,6,0.043,2,0.053,2,0.053,2,0.054,2,0.056,2,0.055,6,0.045,2,0.053,4,0.052,4,0.052,4,0.052,8,0.078
ex5_4_4.bch,hard,3926,77.972,21898,350.881,4754,91.966,3926,78.821,3658,74.637,3972,79.443,3670,74.846,19652,320.607,4052,79.228,3738,67.792,3392,60.776,t/o,600.003,t/o,600.004
ex6_1_1.bch,blowup,2588,8.097,4578,11.910,2548,7.722,4666,12.766,2532,8.004,2642,8.601,2658,8.436,4870,12.810,2574,8.130,2626,8.120,2612,8.018,5236,13.983,t/o,600.007
ex6_1_2.bch,easy,16,0.033,36,0.053,16,0.033,16,0.033,20,0.042,16,0.032,24,0.045,18,0.036,16,0.033,16,0.032,16,0.032,22,0.038,16,0.031
ex6_1_3.bch,hard,4532,25.199,15370,76.287,5184,28.816,9140,49.758,6130,33.712,5082,28.339,4058,23.265,14616,72.630,4506,24.846,4360,23.736,4348,23.622,t/o,600.001,t/o,600.003
ex6_1_3bis.bch,medium,2840,4.265,8242,8.641,2850,4.018,5880,6.621,2860,4.254,2968,4.333,2916,4.220,7872,8.386,2830,4.213,2792,3.999,2826,3.998,t/o,600.000,t/o,600.001
ex6_1_4.bch,medium,70,0.170,78,0.177,70,0.163,72,0.178,72,0.165,68,0.154,68,0.155,86,0.181,70,0.168,70,0.156,70,0.158,72,0.169,60,0.166
ex6_2_10.bch,hard,67794,115.400,t/o,600.001,67746,107.958,t/o,600.002,62788,106.726,62804,106.893,62740,106.924,t/o,600.001,68074,113.871,67582,107.344,67744,107.471,t/o,600.000,t/o,600.001
ex6_2_11.bch,medium,11284,9.863,47602,34.244,13256,11.125,45754,33.922,11072,9.908,11128,9.870,11108,9.699,38782,28.270,11232,9.715,12418,10.472,12532,10.535,11736,9.368,kill,960.000
ex6_2_12.bch,medium,2502,2.703,12940,10.453,2520,2.533,9662,7.838,2404,2.651,2418,2.637,2408,2.661,12518,10.515,2514,2.668,2670,2.731,2518,2.514,t/o,600.000,t/o,600.000
ex6_2_13.bch,blowup,351770,578.575,t/o,600.001,359850,548.113,t/o,600.002,350214,577.062,350206,578.524,350104,576.384,t/o,600.000,351618,580.763,376116,573.970,357676,547.593,t/o,600.002,t/o,600.002
ex6_2_14.bch,medium,438,0.545,2472,2.020,438,0.510,2694,2.343,410,0.518,410,0.516,400,0.502,2140,1.844,434,0.537,438,0.511,438,0.511,802,0.875,t/o,600.010
ex6_2_5.bch,unsolved,t/o,600.001,t/o,600.003,t/o,600.006,t/o,600.005,t/o,599.993,t/o,599.999,t/o,600.001,t/o,600.001,t/o,600.002,t/o,600.001,t/o,600.003,t/o,600.003,t/o,600.009
ex6_2_6.bch,medium,27000,24.590,276120,239.401,35900,31.548,270010,232.346,27388,25.012,27372,24.986,27388,24.990,230898,196.756,27096,24.474,30776,27.113,30834,27.155,27234,22.846,t/o,600.002
ex6_2_7.bch,unsolved,t/o,600.008,t/o,600.003,t/o,600.005,t/o,600.006,t/o,599.994,t/o,599.996,t/o,600.005,t/o,600.004,t/o,600.005,t/o,600.004,t/o,600.004,t/o,600.001,t/o,600.002
ex6_2_8.bch,medium,13672,12.327,71820,58.847,15160,13.997,65970,54.701,13632,12.359,13594,12.487,13632,12.375,58728,49.162,13758,12.349,13852,12.199,13674,11.611,13552,11.396,kill,960.000
ex6_2_9.bch,medium,7186,8.101,39400,36.858,7208,7.499,35318,33.877,7134,7.999,7134,7.941,7106,8.049,37754,35.831,7194,8.023,7624,8.118,7250,7.563,t/o,600.001,t/o,600.002
ex7_2_1.bch,easy,4,0.026,4,0.026,4,0.034,4,0.026,6,0.028,4,0.027,6,0.028,4,0.027,4,0.026,6,0.037,6,0.037,4,0.033,4,0.032
ex7_2_10.bch,easy,0,0.000,0,0.000,0,0.000,0,0.000,0,0.000,0,0.000,0,0.000,0,0.000,0,0.000,0,0.000,0,0.000,0,0.000,0,0.000
ex7_2_1bis.bch,easy,4,0.023,4,0.023,4,0.033,4,0.023,6,0.022,4,0.024,6,0.022,4,0.023,4,0.023,4,0.032,4,0.033,4,0.032,4,0.026
ex7_2_2.bch,easy,4,0.021,6,0.019,4,0.020,4,0.021,4,0.022,4,0.022,4,0.022,6,0.020,4,0.021,6,0.021,6,0.021,4,0.019,4,0.019
ex7_2_3.bch,easy,2618,3.718,2168,2.954,3274,3.972,2618,3.765,2974,4.094,5630,6.345,4554,5.635,1628,2.607,t/o,600.001,7418,8.644,9858,10.632,t/o,600.000,t/o,600.002
ex7_2_3bis.bch,easy,108,0.339,168,0.453,128,0.384,108,0.338,112,0.340,106,0.340,106,0.349,174,0.425,88,0.285,120,0.364,120,0.364,174,0.516,t/o,600.002
ex7_2_4.bch,medium,338,1.087,606,1.539,860,2.280,338,1.081,260,0.824,338,1.044,316,0.933,638,1.666,292,0.901,908,2.145,914,2.149,55146,89.600,t/o,600.000
ex7_2_5.bch,easy,2,0.003,2,0.003,2,0.004,2,0.003,2,0.003,2,0.003,2,0.003,2,0.003,2,0.003,2,0.004,2,0.004,2,0.004,2,0.003
ex7_2_6.bch,easy,4,0.004,4,0.004,4,0.004,4,0.004,4,0.004,4,0.004,4,0.004,4,0.003,4,0.004,4,0.004,4,0.004,4,0.004,4,0.004
ex7_2_7.bch,easy,4,0.008,4,0.008,6,0.008,4,0.009,4,0.008,4,0.009,4,0.008,4,0.008,6,0.008,4,0.009,4,0.009,4,0.009,6,0.007
ex7_2_8.bch,medium,296,0.923,598,1.357,898,2.262,296,0.917,276,0.843,252,0.778,274,0.856,584,1.457,238,0.713,606,1.613,602,1.562,19248,34.944,3534,12.687
ex7_2_9.bch,medium,616,2.467,860,2.736,16964,70.019,678,2.243,590,2.467,588,2.411,590,2.418,716,2.460,604,2.310,506,2.073,534,2.177,68628,231.077,856,3.534
ex7_3_1.bch,easy,2,0.003,2,0.000,2,0.003,2,0.003,8,0.015,18,0.027,2,0.003,2,0.000,2,0.003,2,0.003,2,0.003,2,0.003,2,0.000
ex7_3_2.bch,easy,2,0.002,2,0.000,2,0.001,2,0.002,102,0.090,102,0.089,2,0.002,2,0.001,2,0.002,2,0.001,2,0.001,2,0.001,2,0.000
ex7_3_3.bch,easy,14,0.029,14,0.028,14,0.028,14,0.029,150,0.244,174,0.284,12,0.028,22,0.037,14,0.029,16,0.028,16,0.029,16,0.037,262,0.293
ex7_3_4.bch,medium,126,0.838,376,2.256,126,0.816,542,2.968,324,1.762,436,2.535,226,1.431,430,2.596,126,0.839,266,1.515,236,1.383,652,3.151,t/o,600.001
ex7_3_4bis.bch,medium,362,0.700,3474,4.817,362,0.676,9736,12.487,630,1.168,404,0.794,348,0.622,4692,6.751,362,0.704,134,0.329,218,0.427,3776,5.285,t/o,600.000
ex7_3_5.bch,blowup,466,1.960,614,3.036,466,1.873,466,1.965,466,2.835,452,1.843,440,2.437,564,2.624,466,1.962,576,3.756,582,3.952,598,3.359,t/o,600.049
ex7_3_5bis.bch,medium,1048,0.945,9682,7.375,1048,0.887,1048,0.958,1518,1.351,1850,1.687,1162,1.051,15766,11.773,1048,0.935,1028,0.916,1036,0.913,2830,2.227,t/o,600.001
ex7_3_6.bch,easy,infeas,0.000,infeas,0.000,infeas,0.000,infeas,0.000,infeas,0.000,infeas,0.000,infeas,0.000,infeas,0.000,infeas,0.000,infeas,0.000,infeas,0.000,infeas,0.000,infeas,0.000
ex8_1_1.bch,easy,2,0.000,2,0.000,2,0.000,2,0.000,2,0.000,2,0.000,2,0.000,2,0.000,2,0.000,2,0.000,2,0.000,2,0.000,2,0.000
ex8_1_2.bch,easy,10,0.014,14,0.014,10,0.013,10,0.014,10,0.011,10,0.011,10,0.011,14,0.010,10,0.014,10,0.013,10,0.014,10,0.014,10,0.013
ex8_1_4.bch,easy,24,0.019,40,0.022,24,0.018,24,0.020,134,0.061,146,0.070,98,0.092,120,0.076,24,0.019,30,0.021,30,0.022,24,0.019,40,0.039
ex8_1_5.bch,easy,32,0.041,58,0.051,32,0.039,32,0.041,62,0.056,84,0.075,48,0.060,72,0.062,32,0.046,34,0.040,34,0.039,32,0.046,58,0.061
ex8_1_6.bch,easy,14,0.020,14,0.023,14,0.018,14,0.019,38,0.057,32,0.037,18,0.041,14,0.029,14,0.019,14,0.018,14,0.018,14,0.018,16,0.028
ex8_1_6bis.bch,easy,176,0.055,42,0.013,176,0.048,176,0.058,38,0.057,32,0.038,170,0.050,36,0.012,176,0.054,176,0.048,176,0.048,178,0.051,154,0.045
ex8_1_7.bch,easy,30,0.064,34,0.066,26,0.054,30,0.064,24,0.064,22,0.061,24,0.063,28,0.065,30,0.063,26,0.059,26,0.061,32,0.063,390994,382.059
ex8_1_8.bch,easy,4,0.021,6,0.020,4,0.021,4,0.022,4,0.023,4,0.022,4,0.022,6,0.020,4,0.022,6,0.023,6,0.022,4,0.021,4,0.020
ex8_1_8bis.bch,easy,4,0.021,6,0.019,4,0.020,4,0.021,4,0.022,4,0.022,4,0.022,6,0.020,4,0.021,6,0.021,6,0.021,4,0.019,4,0.019
ex8_2_1.bch,easy,2,0.035,2,0.047,2,0.163,2,0.033,2,0.048,2,0.046,2,0.047,2,0.048,2,0.033,2,0.180,2,0.197,2,0.165,2,0.048
ex8_2_4.bch,unsolved,t/o,600.004,1136,24.874,t/o,600.014,t/o,600.712,8892,41.495,t/o,599.652,t/o,600.021,t/o,600.002,t/o,600.007,t/o,600.018,t/o,600.003,t/o,600.000,t/o,600.007
ex8_4_1.bch,unsolved,t/o,600.025,t/o,600.004,t/o,600.004,t/o,600.004,t/o,599.991,t/o,599.998,t/o,600.017,t/o,600.010,t/o,600.004,t/o,600.008,t/o,600.008,t/o,600.018,t/o,600.002
ex8_4_1bis.bch,unsolved,t/o,600.001,t/o,600.001,t/o,600.002,t/o,600.002,t/o,599.999,t/o,599.997,t/o,600.002,t/o,600.002,t/o,600.005,t/o,600.000,t/o,600.001,t/o,600.002,t/o,600.001
ex8_4_2.bch,unsolved,t/o,600.025,t/o,600.009,t/o,600.005,t/o,600.020,t/o,599.996,t/o,599.962,t/o,600.023,t/o,600.018,t/o,600.003,t/o,600.004,t/o,600.019,t/o,600.034,err,0.000
ex8_4_2bis.bch,unsolved,t/o,600.001,t/o,600.005,t/o,600.007,t/o,600.002,t/o,599.996,t/o,599.994,t/o,600.003,t/o,600.006,t/o,600.002,t/o,600.000,t/o,600.005,t/o,600.002,t/o,600.003
ex8_4_3.bch,unsolved,t/o,600.042,t/o,600.098,t/o,600.016,t/o,600.026,t/o,599.987,t/o,599.987,t/o,600.006,t/o,600.069,t/o,600.050,t/o,600.000,t/o,600.037,t/o,600.030,t/o,600.012
ex8_4_4-1.bch,blowup,500,6.899,1332,18.232,210,4.372,500,6.872,560,7.928,582,8.065,584,7.738,1226,16.890,484,6.857,218,3.990,478,8.100,384,7.047,t/o,600.006
ex8_4_4-2.bch,blowup,500,6.840,1332,18.205,210,4.173,500,6.880,560,7.891,582,8.068,584,7.727,1226,16.951,484,6.794,218,4.003,478,8.122,384,6.982,t/o,600.016
ex8_4_4.bch,blowup,470,6.433,2320,35.034,228,4.338,470,6.410,576,7.899,522,7.147,582,7.999,2214,32.189,484,6.669,222,3.943,544,8.907,422,7.831,t/o,600.008
ex8_4_4bis.bch,medium,35144,44.057,48788,51.806,35144,42.086,35144,44.474,33068,42.530,33654,43.353,33466,42.696,47314,50.488,35144,44.119,35144,41.929,35144,42.140,34656,41.947,t/o,600.000
ex8_4_5-1.bch,others,t/o,600.003,t/o,600.004,t/o,600.002,62496,587.986,64,0.554,58,0.500,t/o,600.001,354,2.645,t/o,600.011,t/o,600.013,t/o,600.006,t/o,600.002,t/o,600.005
ex8_4_5.bch,blowup,t/o,600.002,t/o,600.010,t/o,600.002,t/o,600.000,60,0.566,60,0.577,t/o,600.001,46492,361.785,t/o,600.002,t/o,600.003,t/o,600.002,t/o,600.003,t/o,600.003
ex8_4_5bis.bch,others,t/o,600.000,158822,105.863,t/o,600.008,146060,98.499,60206,56.099,62872,60.243,t/o,600.000,130148,90.381,t/o,600.006,t/o,600.000,t/o,600.001,t/o,600.008,t/o,600.000
ex8_4_6.bch,blowup,t/o,600.022,t/o,600.002,t/o,600.029,t/o,600.003,t/o,599.961,t/o,599.970,t/o,600.019,t/o,600.001,t/o,600.021,t/o,600.022,t/o,600.041,t/o,600.019,err,0.000
ex8_4_6bis.bch,blowup,t/o,600.001,t/o,600.001,t/o,600.004,t/o,600.003,kill,960.000,kill,960.000,t/o,600.000,t/o,600.702,t/o,600.055,t/o,600.004,t/o,600.002,t/o,600.004,t/o,600.002
ex8_4_6ter.bch,blowup,t/o,600.005,t/o,600.008,t/o,600.007,t/o,600.005,t/o,599.987,t/o,599.967,t/o,600.020,t/o,600.047,t/o,600.009,t/o,600.001,t/o,600.004,t/o,600.015,t/o,600.007
ex8_4_8.bch,unsolved,t/o,600.036,t/o,600.035,t/o,600.021,t/o,600.035,t/o,599.972,t/o,599.934,t/o,600.003,t/o,600.001,t/o,600.042,t/o,600.013,t/o,600.027,t/o,600.025,t/o,600.112
ex8_4inf-1.bch,easy,unbnd,0.013,unbnd,0.012,unbnd,0.012,unbnd,0.012,2,0.001,2,0.001,unbnd,0.013,unbnd,0.015,unbnd,0.012,unbnd,0.012,unbnd,0.012,unbnd,0.013,unbnd,0.012
ex8_5_1-1.bch,blowup,t/o,600.078,7294,14.247,t/o,600.027,5644,10.920,1420,2.915,1448,2.987,t/o,600.000,7660,15.464,t/o,600.274,t/o,600.221,t/o,600.198,t/o,600.000,t/o,600.015
ex8_5_1.bch,medium,t/o,600.005,6468,12.923,t/o,600.000,4766,9.973,1202,2.525,1196,2.461,t/o,600.006,6734,13.665,t/o,600.001,t/o,600.003,t/o,600.003,t/o,600.000,t/o,600.345
ex8_5_1bis.bch,hard,864,3.041,4430,11.767,924,3.048,3126,7.889,796,2.480,818,2.950,826,2.478,5318,13.306,868,2.626,888,2.645,852,2.570,t/o,600.000,t/o,600.072
ex8_5_2.bch,medium,t/o,600.000,52704,99.889,t/o,600.000,28368,55.475,3184,7.652,3156,7.720,t/o,600.000,36378,69.192,t/o,600.000,t/o,600.006,t/o,600.001,t/o,600.000,t/o,600.000
ex8_5_2_1.bch,medium,t/o,600.000,50930,100.468,t/o,600.017,29258,60.815,3218,8.437,3218,8.391,t/o,600.005,33508,68.670,t/o,600.002,t/o,600.008,t/o,600.022,t/o,600.022,t/o,600.014
ex8_5_3-1.bch,easy,60,0.194,76,0.202,78,0.234,74,0.201,70,0.203,70,0.212,64,0.194,74,0.202,60,0.200,64,0.192,62,0.188,58,0.190,78,0.219
ex8_5_3.bch,easy,140,0.338,152,0.328,888,1.444,190,0.349,108,0.249,118,0.293,106,0.271,106,0.277,116,0.284,104,0.253,102,0.247,96,0.236,874,1.445
ex8_5_4.bch,easy,172,0.459,228,0.520,154,0.445,212,0.533,232,0.630,198,0.464,182,0.511,220,0.515,172,0.471,166,0.475,166,0.479,166,0.435,166,0.490
ex8_5_5-1.bch,easy,12,0.035,12,0.036,12,0.038,12,0.035,28,0.049,30,0.050,10,0.031,10,0.032,12,0.036,12,0.038,12,0.038,12,0.038,12,0.036
ex8_5_5.bch,easy,120,0.331,166,0.391,148,0.426,154,0.380,174,0.380,162,0.368,122,0.348,180,0.403,116,0.329,122,0.312,120,0.303,114,0.324,146,0.424
ex8_5_6-1.bch,easy,unbnd,0.138,unbnd,0.813,unbnd,0.139,unbnd,0.427,unbnd,1.110,unbnd,0.456,unbnd,0.156,unbnd,1.328,unbnd,0.138,unbnd,0.139,unbnd,0.138,unbnd,0.139,unbnd,0.138
ex8_5_6.bch,medium,t/o,600.000,1914,5.058,t/o,600.000,2144,5.325,1940,4.173,1862,4.119,t/o,600.001,1734,4.553,t/o,600.001,t/o,600.004,t/o,600.004,t/o,600.003,t/o,600.008
ex9_1_1.bch,easy,4,0.034,8,0.032,6,0.053,4,0.034,2,0.027,4,0.026,4,0.041,6,0.028,4,0.034,16,0.069,6,0.040,10,0.044,6,0.039
ex9_1_10.bch,easy,4,0.029,2,0.021,2,0.020,2,0.020,4,0.009,4,0.009,4,0.028,6,0.025,4,0.029,10,0.039,4,0.023,10,0.065,2,0.023
ex9_1_2.bch,easy,2,0.011,2,0.011,2,0.017,2,0.011,2,0.011,2,0.011,2,0.011,2,0.011,2,0.011,2,0.015,2,0.014,2,0.014,2,0.011
ex9_1_4.bch,easy,0,0.000,0,0.000,0,0.000,0,0.000,0,0.000,0,0.000,0,0.000,0,0.000,0,0.000,0,0.000,0,0.000,0,0.000,0,0.000
ex9_1_5.bch,easy,0,0.000,0,0.000,0,0.000,0,0.000,10,0.051,8,0.037,0,0.000,0,0.000,0,0.000,0,0.000,0,0.000,0,0.000,0,0.000
ex9_1_8.bch,easy,4,0.029,4,0.027,2,0.020,2,0.020,4,0.009,4,0.009,4,0.029,6,0.026,4,0.029,10,0.039,4,0.023,8,0.038,4,0.026
ex9_2_1.bch,easy,2,0.001,2,0.000,2,0.004,2,0.001,2,0.001,2,0.001,2,0.001,2,0.000,2,0.001,2,0.004,2,0.004,2,0.004,2,0.000
ex9_2_2.bch,easy,2,0.000,2,0.000,2,0.003,2,0.000,2,0.000,2,0.000,2,0.000,2,0.000,2,0.000,2,0.003,2,0.003,2,0.003,2,0.000
ex9_2_3.bch,easy,2,0.003,2,0.003,2,0.014,2,0.003,2,0.003,2,0.003,2,0.003,2,0.003,2,0.003,2,0.014,2,0.014,2,0.015,2,0.002
ex9_2_4.bch,easy,2,0.001,2,0.000,2,0.002,2,0.000,2,0.001,2,0.001,2,0.001,2,0.000,2,0.000,2,0.002,2,0.003,2,0.003,2,0.000
ex9_2_5.bch,easy,14,0.086,4,0.011,4,0.059,2,0.012,4,0.012,6,0.021,4,0.012,4,0.011,14,0.078,6,0.018,6,0.018,20,0.116,2,0.013
ex9_2_6.bch,easy,2,0.034,2,0.034,2,0.034,2,0.034,2,0.035,2,0.033,2,0.034,2,0.034,2,0.034,2,0.048,2,0.048,2,0.033,2,0.034
ex9_2_7.bch,easy,2,0.001,2,0.000,2,0.004,2,0.001,2,0.001,2,0.001,2,0.001,2,0.000,2,0.001,2,0.004,2,0.004,2,0.004,2,0.000
ex9_2_8.bch,easy,2,0.000,2,0.000,2,0.001,2,0.000,2,0.000,2,0.000,2,0.000,2,0.000,2,0.000,2,0.001,2,0.001,2,0.001,2,0.000
exbaron.bch,easy,0,0.000,0,0.000,0,0.000,0,0.000,0,0.000,0,0.000,0,0.000,0,0.000,0,0.000,0,0.000,0,0.000,0,0.000,0,0.000
exinfinity2.bch,easy,12,0.008,10,0.008,12,0.007,12,0.008,64,0.022,104,0.044,10,0.008,12,0.008,12,0.008,12,0.007,12,0.007,12,0.007,12,0.008
exinfinity3.bch,easy,4,0.008,4,0.006,4,0.007,4,0.006,64,0.024,104,0.045,4,0.006,4,0.006,4,0.006,4,0.006,4,0.006,4,0.006,4,0.006
exp40.bch,easy,0,0.000,0,0.000,0,0.000,0,0.000,0,0.000,0,0.000,0,0.000,0,0.000,0,0.000,0,0.000,0,0.000,0,0.000,0,0.000
f1.bch,easy,0,0.000,0,0.000,0,0.000,0,0.000,0,0.000,0,0.000,0,0.000,0,0.000,0,0.000,0,0.000,0,0.000,0,0.000,0,0.000
fccu.bch,coconutbenchmark-library2,t/o,600.005,t/o,600.005,t/o,600.004,t/o,600.020,t/o,599.978,t/o,599.996,t/o,600.008,t/o,600.004,t/o,600.009,t/o,600.004,t/o,600.006,t/o,600.002,t/o,600.003
genhs28.bch,coconutbenchmark-library2,58,0.298,76,0.388,76,0.364,58,0.297,592,2.324,1046,5.416,62,0.292,82,0.393,58,0.299,62,0.306,60,0.301,68,0.337,t/o,600.004
griewank.bch,easy,18,0.025,36,0.043,18,0.023,18,0.025,30,0.038,62,0.067,30,0.038,38,0.039,18,0.024,18,0.025,18,0.023,18,0.023,22,0.032
haifas.bch,coconutbenchmark-library2,86,0.243,2626,4.078,86,0.235,86,0.241,346,0.650,372,1.287,88,0.218,1840,3.291,86,0.242,338,0.617,704,1.244,11268,17.684,t/o,600.003
haldmads.bch,coconutbenchmark-library2,t/o,600.002,7238,55.442,t/o,600.001,44704,400.615,30848,283.019,t/o,599.996,t/o,600.002,t/o,600.003,t/o,600.003,t/o,600.002,t/o,600.002,t/o,600.000,t/o,600.001
harker.bch,blowup,35250,233.939,t/o,600.007,t/o,600.016,35250,234.806,82120,555.375,90326,590.052,82296,544.050,t/o,600.009,37944,251.455,t/o,600.008,t/o,600.012,t/o,600.008,t/o,600.001
haverly.bch,medium,4,0.029,4,0.044,2,0.033,4,0.029,18,0.156,18,0.160,4,0.031,4,0.043,4,0.029,4,0.039,4,0.039,4,0.032,4,0.043
hhfair.bch,blowup,20,0.250,10,0.193,14,0.293,20,0.247,20,0.232,18,0.241,18,0.230,12,0.203,20,0.249,14,0.282,16,0.241,14,0.285,10,0.224
hhfair1.bch,blowup,2,0.049,2,0.048,2,0.087,2,0.049,2,0.046,2,0.040,2,0.046,2,0.052,2,0.088,2,0.089,2,0.085,2,0.083,2,0.048
himmel11.bch,easy,2,0.003,2,0.003,2,0.006,2,0.003,2,0.003,2,0.003,2,0.003,2,0.003,2,0.003,2,0.006,2,0.006,2,0.006,2,0.003
himmel16.bch,medium,1384,8.749,3432,19.635,1558,9.296,1384,8.751,1202,7.903,1236,8.007,1184,7.911,3630,21.332,1384,8.731,1316,8.136,1326,8.321,t/o,600.011,t/o,600.004
himmelbk.bch,coconutbenchmark-library2,6,0.797,6,0.465,6,0.755,6,0.791,6,0.786,8,0.829,6,0.778,4,0.427,6,0.795,6,0.725,6,0.726,6,0.792,210,11.546
house.bch,easy,4,0.014,4,0.011,2,0.011,4,0.014,4,0.014,4,0.015,4,0.014,4,0.011,4,0.014,4,0.013,2,0.013,4,0.013,4,0.011
hs056.bch,coconutbenchmark-library2,344,0.837,240,0.754,122,0.360,344,0.845,238,0.862,250,0.850,260,0.854,210,0.706,346,0.852,208,0.737,132,0.364,140,0.383,36,0.122
hs070.bch,coconutbenchmark-library2,t/o,600.002,t/o,600.000,t/o,600.068,t/o,600.021,t/o,599.999,t/o,599.990,t/o,600.004,t/o,600.004,t/o,600.001,t/o,600.001,t/o,600.002,t/o,600.005,t/o,600.089
hs071.bch,easy,20,0.030,22,0.034,16,0.025,20,0.029,16,0.025,18,0.027,16,0.025,22,0.032,20,0.030,16,0.025,16,0.025,16,0.027,24,0.042
hs087.bch,coconutbenchmark-library2,16,0.081,6,0.059,6,0.057,16,0.081,14,0.067,14,0.068,16,0.072,8,0.057,16,0.083,132,0.559,132,0.566,6,0.057,6,0.057
hs088.bch,coconutbenchmark-library2,404,32.799,656,41.291,434,35.606,712,48.688,526,38.194,648,40.903,380,29.944,632,39.669,406,31.865,672,45.784,764,50.633,402,32.570,t/o,600.041
hs089.bch,coconutbenchmark-library2,t/o,600.032,t/o,600.095,t/o,600.000,t/o,600.040,t/o,599.938,t/o,599.922,t/o,600.011,t/o,600.302,t/o,600.099,t/o,600.020,t/o,600.033,t/o,600.012,t/o,600.022
hs090.bch,coconutbenchmark-library2,kill,960.000,kill,960.000,kill,960.000,kill,960.000,kill,960.000,kill,960.000,kill,960.000,kill,960.000,kill,960.000,kill,960.000,kill,960.000,kill,960.000,kill,960.000
hs091.bch,coconutbenchmark-library2,kill,960.000,kill,960.000,kill,960.000,kill,960.000,kill,960.000,kill,960.000,kill,960.000,kill,960.000,kill,960.000,kill,960.000,kill,960.000,kill,960.000,kill,960.000
hs093.bch,coconutbenchmark-library2,kill,960.000,t/o,600.002,348642,495.146,t/o,600.045,368280,539.207,377840,536.482,kill,960.000,kill,960.000,kill,960.000,339562,504.046,307564,441.632,366510,520.606,kill,960.000
hs095.bch,coconutbenchmark-library2,2,0.003,2,0.000,2,0.003,2,0.003,2,0.003,2,0.003,2,0.003,2,0.000,2,0.003,2,0.003,2,0.003,2,0.003,2,0.000
hs096.bch,coconutbenchmark-library2,2,0.003,2,0.000,2,0.003,2,0.003,2,0.003,2,0.003,2,0.003,2,0.000,2,0.003,2,0.003,2,0.003,2,0.003,2,0.000
hs097.bch,coconutbenchmark-library2,2,0.017,2,0.018,2,0.020,2,0.017,4,0.016,4,0.017,4,0.015,4,0.018,2,0.016,2,0.019,4,0.020,4,0.020,2,0.017
hs098.bch,coconutbenchmark-library2,4,0.016,2,0.017,4,0.017,4,0.017,4,0.015,4,0.018,4,0.016,4,0.017,4,0.016,6,0.019,6,0.020,4,0.016,2,0.016
hs099.bch,coconutbenchmark-library2,136,2.986,374,5.633,3780,48.175,136,2.947,190,3.501,200,3.395,186,3.377,200,4.252,140,2.737,154,3.163,154,3.160,2124,32.721,t/o,600.004
hs100.bch,coconutbenchmark-library2,212,1.008,348,0.944,460,1.426,212,1.012,436,1.110,474,1.689,212,0.604,340,0.981,232,1.007,224,1.009,270,1.066,610,1.706,t/o,600.001
hs101.bch,coconutbenchmark-library2,t/o,600.003,t/o,600.002,t/o,600.004,t/o,600.001,t/o,599.997,t/o,599.999,t/o,600.003,t/o,600.001,t/o,600.001,t/o,600.001,t/o,600.004,t/o,600.002,t/o,600.002
hs102.bch,coconutbenchmark-library2,t/o,600.007,t/o,600.000,t/o,600.007,t/o,600.008,t/o,599.995,t/o,599.998,t/o,600.011,t/o,600.002,t/o,600.003,t/o,600.001,t/o,600.007,t/o,600.001,t/o,600.001
hs103.bch,coconutbenchmark-library2,117524,365.937,t/o,600.002,121260,351.333,117524,361.239,115118,356.658,117818,365.744,119132,369.126,t/o,600.004,120346,375.593,167290,484.655,165728,484.949,150156,410.777,t/o,600.000
hs104.bch,coconutbenchmark-library2,276,0.958,360,1.146,288,1.017,276,0.964,258,0.911,248,0.854,286,0.980,416,1.253,238,0.837,580,2.070,666,2.168,4802,11.657,t/o,600.001
hs106.bch,coconutbenchmark-library2,46,0.153,34,0.141,32,0.133,46,0.151,22,0.117,24,0.118,28,0.120,34,0.145,46,0.154,42,0.160,42,0.163,50,0.211,87134,491.446
hs107.bch,coconutbenchmark-library2,t/o,600.005,t/o,600.093,t/o,600.022,t/o,600.353,kill,960.000,kill,960.000,t/o,600.783,t/o,600.223,t/o,600.781,kill,960.000,t/o,600.168,t/o,600.007,t/o,600.228
hs108.bch,coconutbenchmark-library2,18714,76.584,26596,95.268,t/o,600.001,25232,88.127,18606,75.660,18684,75.962,18662,77.921,24422,83.640,18714,76.909,16640,65.565,17392,65.330,t/o,600.008,t/o,600.001
hs109.bch,coconutbenchmark-library2,10,0.120,10,0.128,10,0.103,10,0.122,12,0.129,14,0.127,12,0.125,20,0.159,10,0.100,14,0.144,14,0.140,14,0.140,20,0.205
hs110.bch,coconutbenchmark-library2,t/o,600.002,t/o,600.001,t/o,600.001,t/o,600.001,3486,4.086,5544,5.063,t/o,600.001,t/o,600.001,t/o,600.001,t/o,600.000,t/o,600.001,t/o,600.001,t/o,600.001
hs111.bch,coconutbenchmark-library2,t/o,600.002,t/o,600.005,t/o,600.002,t/o,600.001,t/o,600.000,t/o,599.997,t/o,600.001,t/o,600.004,t/o,600.001,t/o,600.007,t/o,600.005,t/o,600.004,t/o,600.001
hs112.bch,coconutbenchmark-library2,t/o,600.005,t/o,600.002,t/o,600.003,t/o,600.002,t/o,599.998,t/o,599.995,t/o,600.002,t/o,600.002,t/o,600.002,t/o,600.001,t/o,600.000,t/o,600.002,t/o,600.001
hs113.bch,coconutbenchmark-library2,384,1.692,96,0.594,96,0.571,384,1.687,632,2.773,792,3.276,294,1.279,114,0.738,384,1.697,282,1.307,302,1.414,178,0.937,t/o,600.003
hs114.bch,coconutbenchmark-library2,20,0.102,38,0.200,178,0.903,22,0.149,22,0.162,20,0.106,20,0.100,42,0.238,18,0.109,128,0.736,110,0.621,34,0.186,t/o,600.809
hs116.bch,coconutbenchmark-library2,118,0.962,134,0.929,110,0.738,126,0.967,96,0.707,150,1.122,80,0.617,106,0.780,118,0.969,186,1.233,196,1.165,362,1.745,t/o,600.004
hs117.bch,coconutbenchmark-library2,8224,54.490,101804,490.079,24680,135.111,8224,54.321,8370,53.916,8280,54.704,8212,54.457,t/o,600.001,8168,53.999,13894,86.662,27628,171.855,63458,322.528,t/o,600.019
hs118.bch,coconutbenchmark-library2,t/o,600.001,t/o,600.001,t/o,600.001,t/o,600.001,t/o,599.998,t/o,599.997,t/o,600.001,t/o,600.001,t/o,600.000,t/o,600.002,t/o,600.002,t/o,600.001,t/o,600.006
hs119.bch,coconutbenchmark-library2,622,5.454,836,8.260,672,7.965,622,5.439,556,5.720,564,5.787,582,5.692,808,8.209,716,5.978,498,5.064,510,5.132,1008,11.782,t/o,600.005
hs21mod.bch,coconutbenchmark-library2,10,0.017,10,0.016,10,0.016,10,0.017,40,0.041,48,0.051,20,0.025,26,0.027,10,0.017,4,0.011,4,0.011,10,0.016,118,0.107
hydro.bch,medium,2,0.048,2,0.055,2,0.078,2,0.048,2,0.056,2,0.056,2,0.056,2,0.056,2,0.048,2,0.086,2,0.085,2,0.078,2,0.054
immun.bch,medium,0,0.000,0,0.000,0,0.000,0,0.000,0,0.000,0,0.000,0,0.000,0,0.000,0,0.000,0,0.000,0,0.000,0,0.000,0,0.000
launch.bch,medium,14,1.053,2088,65.416,26,1.893,1720,55.630,26,2.396,24,2.647,56,4.583,776,28.852,112,6.965,1030,33.884,838,26.923,1434,33.830,6222,130.963
launch__coconut.bch,coconutbenchmark-library2,infeas,0.000,infeas,0.000,infeas,0.000,infeas,0.000,infeas,0.000,infeas,0.000,infeas,0.000,infeas,0.000,infeas,0.000,infeas,0.000,infeas,0.000,infeas,0.000,infeas,0.000
least.bch,unsolved,kill,960.000,kill,960.000,kill,960.000,kill,960.000,t/o,599.993,t/o,599.996,kill,960.000,kill,960.000,kill,960.000,kill,960.000,kill,960.000,kill,960.000,kill,960.000
like-1.bch,medium,unbnd,2.012,unbnd,2.931,unbnd,1.999,unbnd,2.127,unbnd,3.089,unbnd,17.771,unbnd,1.955,unbnd,2.851,unbnd,2.012,unbnd,2.044,unbnd,2.015,unbnd,2.008,unbnd,1.911
like.bch,medium,unbnd,1.966,unbnd,2.844,unbnd,1.977,unbnd,2.415,unbnd,1.929,unbnd,47.225,unbnd,1.782,unbnd,2.896,unbnd,1.986,unbnd,1.991,unbnd,1.969,unbnd,1.990,unbnd,1.888
linear.bch,medium,t/o,600.007,t/o,600.005,t/o,600.003,t/o,600.005,t/o,599.999,t/o,599.998,t/o,600.017,t/o,600.006,t/o,600.001,t/o,600.018,t/o,600.040,t/o,600.002,t/o,600.013
loadbal.bch,coconutbenchmark-library2,t/o,600.000,t/o,600.009,t/o,600.001,t/o,600.000,t/o,600.000,t/o,599.999,t/o,600.004,t/o,600.019,t/o,600.000,t/o,600.015,t/o,600.000,t/o,600.022,t/o,600.000
lotschd.bch,coconutbenchmark-library2,2,0.013,2,0.010,2,0.016,2,0.013,2,0.010,2,0.011,2,0.010,2,0.011,2,0.012,2,0.018,2,0.018,2,0.017,2,0.010
m4wd.bch,easy,46,0.121,78,0.143,54,0.115,46,0.116,464,0.918,568,1.203,74,0.162,120,0.226,48,0.117,82,0.147,86,0.147,68,0.137,t/o,600.001
makela3.bch,coconutbenchmark-library2,63392,3.033,12326,15.865,63392,3.053,10524,15.187,72,1.067,70,0.483,55338,2.675,9402,14.082,63392,2.996,63392,3.012,63392,3.002,63392,3.012,63392,2.614
makela4.bch,coconutbenchmark-library2,0,0.000,0,0.000,0,0.000,0,0.000,0,0.000,0,0.000,0,0.000,0,0.000,0,0.000,0,0.000,0,0.000,0,0.000,0,0.000
matrix2.bch,coconutbenchmark-library2,86640,24.612,6146,10.555,86646,23.241,6120,10.055,584,7.008,832,9.283,141108,30.840,5748,7.446,86640,24.808,9252,7.210,10042,7.819,32218,15.161,5654,1.331
mconcon.bch,coconutbenchmark-library2,t/o,600.039,28,0.192,t/o,600.004,116,0.485,t/o,600.000,kill,960.000,t/o,600.040,30,0.190,t/o,600.002,t/o,600.009,t/o,600.095,t/o,600.004,t/o,600.032
meanvar.bch,medium,534,1.380,642,1.586,508,1.434,534,1.385,470,1.322,494,1.371,486,1.377,572,1.486,534,1.411,512,1.379,506,1.351,552,1.535,t/o,600.002
minlphi.bch,blowup,t/o,600.095,t/o,601.013,t/o,600.800,t/o,600.007,t/o,599.989,t/o,599.986,t/o,600.001,t/o,600.508,t/o,600.010,t/o,601.089,t/o,600.016,t/o,600.006,t/o,600.426
minlphi1.bch,blowup,t/o,600.003,t/o,600.452,t/o,600.002,t/o,600.967,t/o,599.983,t/o,599.986,t/o,600.209,t/o,600.323,t/o,600.006,t/o,600.001,t/o,600.007,t/o,600.696,t/o,600.887
mistake.bch,coconutbenchmark-library2,t/o,600.006,t/o,600.001,t/o,600.002,t/o,600.002,t/o,599.999,t/o,599.993,t/o,600.009,t/o,600.006,t/o,600.005,t/o,600.001,t/o,600.003,t/o,600.050,t/o,600.106
modele_opti.bch,coconutbenchmark-library2,t/o,600.137,unbnd,1.587,kill,960.000,unbnd,6.583,unbnd,1.617,unbnd,417.572,kill,960.000,unbnd,2.654,t/o,600.002,kill,960.000,kill,960.000,kill,960.000,t/o,600.173
odfits.bch,coconutbenchmark-library2,3374,7.850,38270,56.329,t/o,600.002,3374,7.861,t/o,599.996,9322,33.444,2938,6.733,28900,43.240,5586,9.270,3604,7.728,3732,8.129,t/o,600.002,t/o,600.005
optcntrl.bch,coconutbenchmark-library2,0,0.000,0,0.000,0,0.000,0,0.000,0,0.000,0,0.000,0,0.000,0,0.000,0,0.000,0,0.000,0,0.000,0,0.000,0,0.000
optmass.bch,coconutbenchmark-library2,t/o,600.148,t/o,600.014,t/o,600.137,t/o,600.026,t/o,599.772,t/o,599.967,t/o,600.051,t/o,600.134,t/o,600.109,t/o,600.035,t/o,600.056,t/o,600.047,t/o,600.044
optprloc.bch,coconutbenchmark-library2,2,0.024,2,0.023,2,0.144,2,0.024,2,0.024,2,0.024,2,0.024,2,0.023,2,0.024,2,0.146,2,0.146,2,0.165,2,0.023
orthregb.bch,coconutbenchmark-library2,t/o,600.010,t/o,600.001,t/o,600.000,t/o,600.011,t/o,599.963,kill,960.000,t/o,600.001,t/o,600.012,t/o,600.004,t/o,600.008,t/o,600.004,t/o,600.007,err,0.000
orthrege.bch,coconutbenchmark-library2,t/o,600.014,kill,960.000,kill,960.000,t/o,600.041,t/o,599.995,t/o,599.068,t/o,600.055,kill,960.000,t/o,600.002,kill,960.000,kill,960.000,t/o,600.030,kill,960.000
pentagon.bch,coconutbenchmark-library2,t/o,600.009,14516,18.148,t/o,600.000,22848,22.803,8402,13.602,8426,13.640,t/o,600.000,14352,18.165,t/o,600.000,t/o,600.013,t/o,600.001,t/o,600.001,t/o,600.000
polak1.bch,coconutbenchmark-library2,4404,0.697,t/o,600.000,4404,0.702,t/o,600.000,38,0.024,30,0.026,3856,0.610,t/o,600.000,4404,0.689,4404,0.688,4404,0.690,4404,0.689,4404,0.456
polak2.bch,coconutbenchmark-library2,22100,1.343,t/o,600.000,22100,1.339,t/o,600.000,2344,2.374,1096,1.038,19358,1.170,t/o,600.000,22100,1.330,22100,1.328,22100,1.334,22100,1.339,22100,1.046
polak3.bch,coconutbenchmark-library2,t/o,600.001,t/o,600.000,t/o,600.000,t/o,600.000,infeas,0.000,infeas,0.000,t/o,600.000,t/o,600.000,t/o,600.000,t/o,600.000,t/o,600.000,t/o,600.000,t/o,600.000
polak4.bch,coconutbenchmark-library2,4176,0.106,2112,0.828,4176,0.107,2120,0.825,74,0.537,70,0.047,3648,0.097,1934,0.781,4176,0.106,4176,0.107,4176,0.107,4176,0.109,4176,0.101
polak5.bch,coconutbenchmark-library2,4324,0.111,668,0.181,4324,0.108,600,0.148,82,0.066,122,0.129,3812,0.112,594,0.149,4324,0.109,4324,0.110,4324,0.110,4324,0.110,4326,0.103
polak6.bch,coconutbenchmark-library2,kill,960.000,kill,960.000,kill,960.000,kill,960.000,t/o,599.999,t/o,599.999,kill,960.000,kill,960.000,kill,960.000,kill,960.000,kill,960.000,kill,960.000,t/o,600.000
pollut.bch,unsolved,t/o,600.011,t/o,600.023,t/o,600.029,t/o,600.031,t/o,599.980,t/o,599.980,t/o,600.017,t/o,600.003,t/o,600.016,t/o,600.048,t/o,600.013,t/o,600.002,t/o,600.008
polygon25.bch,others,t/o,600.105,t/o,600.045,t/o,600.081,t/o,600.171,t/o,599.974,t/o,599.559,t/o,600.255,t/o,600.030,t/o,600.075,t/o,600.020,t/o,600.148,t/o,601.205,t/o,600.000
portfl1.bch,coconutbenchmark-library2,t/o,600.005,t/o,600.000,t/o,600.012,t/o,600.009,t/o,599.991,t/o,599.989,t/o,600.010,t/o,600.006,t/o,600.012,t/o,600.003,t/o,600.009,t/o,600.008,t/o,600.009
pressure-vessel.bch,easy,2,0.000,2,0.000,2,0.001,2,0.000,2,0.001,2,0.001,2,0.000,2,0.000,2,0.000,2,0.001,2,0.001,2,0.001,2,0.000
process.bch,easy,6,0.048,14,0.072,8,0.060,6,0.048,6,0.049,6,0.046,6,0.049,14,0.072,8,0.055,8,0.063,8,0.063,6,0.051,8,0.060
prolog.bch,unsolved,t/o,600.010,t/o,600.020,t/o,600.086,t/o,600.034,t/o,599.997,t/o,599.996,t/o,600.081,t/o,600.020,t/o,600.047,t/o,600.007,t/o,600.019,t/o,600.029,t/o,600.001
qp1-1.bch,unsolved,t/o,600.222,t/o,600.049,t/o,600.098,t/o,600.082,t/o,599.858,t/o,599.844,t/o,600.124,t/o,600.055,t/o,600.040,t/o,600.067,t/o,600.052,t/o,600.025,t/o,600.045
qp1.bch,unsolved,t/o,600.099,t/o,600.102,t/o,600.022,t/o,600.188,t/o,599.994,t/o,599.907,t/o,600.107,t/o,600.133,t/o,600.043,t/o,600.035,t/o,600.184,t/o,600.253,t/o,600.017
qp2.bch,unsolved,t/o,600.107,t/o,600.002,t/o,600.129,t/o,600.071,t/o,599.930,t/o,599.997,t/o,600.065,t/o,600.040,t/o,600.006,t/o,600.051,t/o,600.079,t/o,600.023,t/o,600.064
ramsey.bch,blowup,2,0.016,2,0.030,2,0.072,2,0.017,2,0.016,2,0.015,2,0.016,2,0.030,2,0.016,2,0.062,2,0.057,2,0.073,2,0.030
ramseybis.bch,blowup,2,0.006,2,0.009,2,0.046,2,0.006,2,0.006,2,0.006,2,0.006,2,0.010,2,0.006,2,0.046,2,0.042,2,0.047,2,0.009
rastrigin.bch,easy,10,0.018,10,0.016,10,0.017,10,0.018,34,0.054,68,0.077,34,0.053,26,0.044,10,0.018,10,0.017,10,0.017,10,0.017,12,0.019
rk23.bch,coconutbenchmark-library2,t/o,600.000,t/o,600.000,t/o,600.000,t/o,600.000,t/o,599.997,kill,960.000,t/o,600.000,t/o,600.000,t/o,600.000,t/o,600.000,t/o,600.000,t/o,600.000,t/o,600.000
robot.bch,coconutbenchmark-library2,t/o,600.000,112144,231.896,t/o,600.000,114544,244.916,61492,148.360,60274,147.674,t/o,600.000,111858,229.504,t/o,600.000,t/o,600.000,t/o,600.000,t/o,600.000,t/o,600.000
rosenbrock.bch,easy,0,0.000,0,0.000,0,0.000,0,0.000,0,0.000,0,0.000,0,0.000,0,0.000,0,0.000,0,0.000,0,0.000,0,0.000,0,0.000
rosenbrock10.bch,easy,0,0.000,0,0.000,0,0.000,0,0.000,0,0.000,0,0.000,0,0.000,0,0.000,0,0.000,0,0.000,0,0.000,0,0.000,0,0.000
s365mod.bch,coconutbenchmark-library2,t/o,600.002,t/o,600.002,t/o,600.001,t/o,600.029,t/o,599.999,t/o,599.999,t/o,600.107,t/o,600.006,t/o,600.001,t/o,600.002,t/o,600.001,t/o,600.014,t/o,600.007
sambal.bch,hard,9166,48.903,19480,115.401,23048,140.244,9166,49.555,20876,103.748,18632,95.297,16836,85.158,24062,129.528,10466,55.423,28606,174.671,35684,218.620,t/o,600.003,t/o,600.000
schaffer.bch,easy,20,0.013,8,0.015,20,0.015,20,0.010,24,0.033,48,0.040,20,0.034,26,0.032,20,0.012,20,0.012,20,0.013,20,0.012,20,0.012
schwefel5-abs.bch,medium,t/o,600.000,846,1.030,t/o,600.000,882,0.973,564,0.729,816,1.061,t/o,600.001,768,0.898,t/o,600.001,t/o,600.001,t/o,600.000,t/o,600.001,t/o,600.001
schwefel5.bch,medium,t/o,600.000,880,1.086,t/o,600.001,956,1.084,730,0.972,804,1.014,t/o,600.001,796,0.967,t/o,600.000,t/o,600.001,t/o,600.000,t/o,600.000,t/o,600.001
ship-1.bch,easy,t/o,600.001,192,0.575,t/o,600.002,304,0.955,1246,2.094,1380,3.059,t/o,600.001,206,0.552,t/o,600.001,t/o,600.002,t/o,600.000,t/o,600.000,331982,595.481
ship.bch,others,unbnd,30.435,unbnd,27.925,unbnd,30.422,unbnd,26.328,unbnd,22.131,unbnd,1.961,unbnd,25.526,unbnd,31.024,unbnd,30.443,unbnd,30.504,unbnd,30.569,unbnd,30.877,unbnd,30.302
srcpm.bch,medium,102,2.586,t/o,600.006,t/o,600.016,102,2.597,108,2.412,104,2.559,106,2.493,t/o,600.017,114,2.548,190,4.039,108,2.609,t/o,600.002,t/o,600.004
synthes1.bch,coconutbenchmark-library2,2,0.006,2,0.006,2,0.006,2,0.006,14,0.015,14,0.016,2,0.005,2,0.007,2,0.006,2,0.006,2,0.006,2,0.006,2,0.006
test_infinity2.bch,easy,4,0.006,4,0.006,4,0.006,4,0.006,66,0.028,82,0.042,4,0.010,4,0.008,4,0.007,6,0.016,6,0.016,4,0.006,6,0.016
test_infinity3.bch,others,unbnd,0.003,unbnd,0.003,unbnd,0.003,unbnd,0.003,134,0.061,146,0.071,unbnd,0.003,unbnd,0.003,unbnd,0.003,unbnd,0.003,unbnd,0.003,unbnd,0.003,unbnd,0.003
test_infinity4.bch,others,unbnd,0.012,unbnd,0.012,unbnd,0.013,unbnd,0.012,0,0.000,0,0.000,t/o,600.000,t/o,600.000,unbnd,0.012,unbnd,0.012,unbnd,0.012,unbnd,0.013,unbnd,0.012
wall.bch,easy,infeas,0.000,infeas,0.000,infeas,0.000,infeas,0.000,infeas,2.931,infeas,4.663,infeas,0.000,infeas,0.000,infeas,0.000,infeas,0.000,infeas,0.000,infeas,0.000,infeas,0.000
water-abs.bch,unsolved,t/o,600.091,t/o,600.068,t/o,600.021,t/o,600.022,t/o,599.940,t/o,599.992,t/o,600.052,t/o,600.047,t/o,600.009,t/o,600.039,t/o,600.020,t/o,600.016,t/o,600.001
water.bch,unsolved,t/o,601.516,t/o,600.101,t/o,600.013,t/o,600.032,t/o,599.978,t/o,599.995,t/o,600.008,t/o,600.041,t/o,600.009,t/o,600.045,t/o,600.333,t/o,600.277,t/o,600.277
water1-abs.bch,unsolved,t/o,600.042,t/o,600.050,t/o,600.037,t/o,600.063,t/o,599.881,t/o,599.915,t/o,600.042,t/o,600.093,t/o,600.044,t/o,600.020,t/o,600.111,t/o,600.014,t/o,600.020
water1.bch,unsolved,t/o,600.018,t/o,600.014,t/o,600.009,t/o,600.004,t/o,599.990,t/o,599.994,t/o,600.050,t/o,600.022,t/o,600.003,t/o,600.013,t/o,600.001,t/o,600.020,t/o,600.015
